tipo,arquivo,classe,confianca,x1,y1,x2,y2,frame
imagem,Amazilia lactea_455_0.jpg,Amazilia lactea,0.8441166877746582,40,40,277,181,
imagem,Amazilia_lactea_130_0.jpg,Amazilia lactea,0.8485275506973267,82,90,548,333,
imagem,Amazilia_lactea_158_0.jpg,Amazilia lactea,0.7085967063903809,86,90,550,425,
imagem,Amazilia_lactea_222_0.jpg,Chlorostilbon lucidus,0.9234318137168884,90,87,424,549,
imagem,Amazilia_lactea_228_0.jpg,Amazilia lactea,0.972080409526825,89,92,551,521,
imagem,Amazilia_lactea_247_0.jpg,Amazilia lactea,0.6637572646141052,91,88,261,548,
imagem,Amazilia_lactea_268_0.jpg,Amazilia lactea,0.7012203931808472,95,92,304,553,
imagem,Amazilia_lactea_285_0.jpg,Amazilia lactea,0.9794862270355225,94,88,552,549,
imagem,Amazilia_lactea_43_0.jpg,Amazilia lactea,0.9741831421852112,93,87,430,552,
imagem,Amazilia_lactea_48_0.jpg,Amazilia lactea,0.9867232441902161,94,88,359,547,
imagem,Amazilia_lactea_94_0.jpg,Amazilia lactea,0.9867584109306335,91,88,300,555,
imagem,American Kestrel Falco sparverius_256_0.jpg,Falco sparverius,0.8822784423828125,91,89,552,444,
imagem,American Kestrel Falco sparverius_616_0.jpg,Falco sparverius,0.9241307973861694,59,57,264,350,
imagem,American_Kestrel_Falco_sparverius_132_0.jpg,Falco sparverius,0.9727376103401184,44,46,249,282,
imagem,American_Kestrel_Falco_sparverius_135_0.jpg,Falco sparverius,0.9708762764930725,94,90,342,552,
imagem,American_Kestrel_Falco_sparverius_139_0.jpg,Falco sparverius,0.976088285446167,91,90,387,549,
imagem,American_Kestrel_Falco_sparverius_216_0.jpg,Falco sparverius,0.9638574123382568,20,21,127,102,
imagem,American_Kestrel_Falco_sparverius_265_0.jpg,Falco sparverius,0.955427885055542,96,90,544,422,
imagem,American_Kestrel_Falco_sparverius_294_0.jpg,Falco sparverius,0.9831122756004333,57,55,265,341,
imagem,American_Kestrel_Falco_sparverius_74_0.jpg,Falco sparverius,0.8141371011734009,76,73,459,347,
imagem,Aratinga cactorum_179_0.jpg,Aratinga cactorum,0.986746609210968,57,57,209,345,
imagem,Aratinga cactorum_370_0.jpg,Aratinga cactorum,0.9626878499984741,48,44,255,290,
imagem,Aratinga_cactorum_174_0.jpg,Aratinga cactorum,0.9236742258071899,84,91,550,390,
imagem,Aratinga_cactorum_180_1.jpg,Aratinga cactorum,0.9795984625816345,95,89,261,552,
imagem,Aratinga_cactorum_228_0.jpg,Aratinga cactorum,0.973773717880249,92,88,381,551,
imagem,Aratinga_cactorum_237_0.jpg,Aratinga cactorum,0.9179330468177795,29,30,83,172,
imagem,Aratinga_cactorum_254_0.jpg,Aratinga cactorum,0.9809907674789429,91,87,422,534,
imagem,Aratinga_cactorum_26_0.jpg,Aratinga cactorum,0.9812497496604919,96,86,414,550,
imagem,Aratinga_cactorum_299_0.jpg,Aratinga cactorum,0.6942593455314636,97,91,238,552,
imagem,Aratinga_cactorum_313_0.jpg,Aratinga cactorum,0.8300222158432007,86,93,554,379,
imagem,Aratinga_cactorum_61_0.jpg,Aratinga cactorum,0.9670798182487488,95,87,258,547,
imagem,Aratinga_cactorum_74_0.jpg,Aratinga cactorum,0.7561838626861572,85,91,551,470,
imagem,Black-bellied Whistling-duck Dendrocygna autumnalis_279_1.jpg,Dendrocygna autumnalis,0.9833438992500305,44,43,250,261,
imagem,Black-bellied Whistling-duck Dendrocygna autumnalis_785_1.jpg,Dendrocygna autumnalis,0.9377456307411194,209,32,377,144,
imagem,Black-bellied Whistling-duck Dendrocygna autumnalis_785_1.jpg,Dendrocygna autumnalis,0.725972592830658,32,43,199,144,
imagem,Black-bellied_Whistling-duck_Dendrocygna_autumnalis_105_0.jpg,Dendrocygna autumnalis,0.9297793507575989,42,44,261,255,
imagem,Black-bellied_Whistling-duck_Dendrocygna_autumnalis_105_0.jpg,Dendrocygna autumnalis,0.641284167766571,268,128,578,278,
imagem,Black-bellied_Whistling-duck_Dendrocygna_autumnalis_134_0.jpg,Dendrocygna autumnalis,0.7722043395042419,54,55,317,330,
imagem,Black-bellied_Whistling-duck_Dendrocygna_autumnalis_148_0.jpg,Dendrocygna autumnalis,0.9912607073783875,88,91,550,500,
imagem,Black-bellied_Whistling-duck_Dendrocygna_autumnalis_151_0.jpg,Dendrocygna autumnalis,0.9793614745140076,337,83,592,230,
imagem,Black-bellied_Whistling-duck_Dendrocygna_autumnalis_151_0.jpg,Dendrocygna autumnalis,0.94293612241745,62,126,373,263,
imagem,Black-bellied_Whistling-duck_Dendrocygna_autumnalis_171_0.jpg,Dendrocygna autumnalis,0.9333948493003845,41,160,220,359,
imagem,Black-bellied_Whistling-duck_Dendrocygna_autumnalis_171_0.jpg,Dendrocygna autumnalis,0.9271712899208069,138,52,375,263,
imagem,Black-bellied_Whistling-duck_Dendrocygna_autumnalis_171_0.jpg,Dendrocygna autumnalis,0.517848014831543,387,110,590,345,
imagem,Black-bellied_Whistling-duck_Dendrocygna_autumnalis_176_0.jpg,Caracara plancus,0.8442389369010925,83,82,514,433,
imagem,Black-bellied_Whistling-duck_Dendrocygna_autumnalis_180_0.jpg,Dendrocygna autumnalis,0.976525604724884,38,211,240,408,
imagem,Black-bellied_Whistling-duck_Dendrocygna_autumnalis_180_0.jpg,Dendrocygna autumnalis,0.949524998664856,226,43,371,303,
imagem,Black-bellied_Whistling-duck_Dendrocygna_autumnalis_180_0.jpg,Dendrocygna autumnalis,0.911002516746521,153,237,386,379,
imagem,Black-bellied_Whistling-duck_Dendrocygna_autumnalis_252_0.jpg,Dendrocygna autumnalis,0.984872579574585,81,63,570,291,
imagem,Black-bellied_Whistling-duck_Dendrocygna_autumnalis_254_0.jpg,Dendrocygna autumnalis,0.8020443916320801,126,274,380,420,
imagem,Black-bellied_Whistling-duck_Dendrocygna_autumnalis_254_0.jpg,Dendrocygna autumnalis,0.7794212102890015,423,243,561,409,
imagem,Black-bellied_Whistling-duck_Dendrocygna_autumnalis_254_0.jpg,Dendrocygna autumnalis,0.6747859120368958,196,56,396,361,
imagem,Black-bellied_Whistling-duck_Dendrocygna_autumnalis_27_0.jpg,Dendrocygna autumnalis,0.938717246055603,47,81,300,234,
imagem,Black-bellied_Whistling-duck_Dendrocygna_autumnalis_27_0.jpg,Dendrocygna autumnalis,0.4594687819480896,321,51,591,206,
imagem,Black-bellied_Whistling-duck_Dendrocygna_autumnalis_28_0.jpg,Dendrocygna autumnalis,0.9730584025382996,52,51,226,334,
imagem,Black-bellied_Whistling-duck_Dendrocygna_autumnalis_28_0.jpg,Dendrocygna autumnalis,0.9656155109405518,191,66,381,345,
imagem,Black-bellied_Whistling-duck_Dendrocygna_autumnalis_29_0.jpg,Dendrocygna autumnalis,0.9852851033210754,54,58,333,207,
imagem,Black-bellied_Whistling-duck_Dendrocygna_autumnalis_62_1.jpg,Dendrocygna autumnalis,0.9834179282188416,89,87,464,546,
imagem,Black-bellied_Whistling-duck_Dendrocygna_autumnalis_7_1.jpg,Dendrocygna autumnalis,0.9896553754806519,83,91,551,344,
imagem,b_g_Schistochlamys_ruficapillus_73_0.jpg,Euphonia chlorotica,0.7945601940155029,475,0,750,446,
imagem,Calliphlox amethystina_102_0.jpg,Calliphlox amethystina,0.9883043766021729,87,88,547,511,
imagem,Calliphlox amethystina_695_0.jpg,Calliphlox amethystina,0.9893009066581726,86,92,548,359,
imagem,Calliphlox amethystina_937_0.jpg,Calliphlox amethystina,0.9787017107009888,61,56,375,200,
imagem,Calliphlox_amethystina_111_0.jpg,Calliphlox amethystina,0.9881131052970886,90,91,531,537,
imagem,Calliphlox_amethystina_117_0.jpg,Calliphlox amethystina,0.9867050051689148,91,90,347,548,
imagem,Calliphlox_amethystina_190_0.jpg,Calliphlox amethystina,0.9735757112503052,95,92,551,311,
imagem,Calliphlox_amethystina_197_0.jpg,Calliphlox amethystina,0.9846856594085693,93,89,479,554,
imagem,Calliphlox_amethystina_205_0.jpg,Calliphlox amethystina,0.9788953065872192,91,99,436,556,
imagem,Calliphlox_amethystina_210_0.jpg,Calliphlox amethystina,0.9802000522613525,94,94,410,552,
imagem,Calliphlox_amethystina_221_0.jpg,Calliphlox amethystina,0.9607123732566833,76,76,472,370,
imagem,Calliphlox_amethystina_24_0.jpg,Calliphlox amethystina,0.9723520874977112,88,89,550,350,
imagem,Calliphlox_amethystina_278_0.jpg,Calliphlox amethystina,0.9825769066810608,90,86,413,550,
imagem,Calliphlox_amethystina_310_0.jpg,Calliphlox amethystina,0.9889547824859619,92,85,430,554,
imagem,Calliphlox_amethystina_330_0.jpg,Calliphlox amethystina,0.9868834614753723,89,90,551,353,
imagem,Calliphlox_amethystina_89_0.jpg,Calliphlox amethystina,0.9820630550384521,76,73,302,458,
imagem,Caracara plancus_391_0.jpg,Caracara plancus,0.9503668546676636,92,89,553,481,
imagem,Caracara plancus_561_0.jpg,Caracara plancus,0.9637248516082764,356,75,569,435,
imagem,Caracara plancus_561_0.jpg,Caracara plancus,0.9408965110778809,78,75,416,466,
imagem,Caracara plancus_647_0.jpg,Caracara plancus,0.9796992540359497,93,88,387,545,
imagem,Caracara_plancus_215_0.jpg,Caracara plancus,0.9639657139778137,92,89,398,549,
imagem,Caracara_plancus_303_0.jpg,Caracara plancus,0.6503610014915466,90,93,553,341,
imagem,Caracara_plancus_30_0.jpg,Caracara plancus,0.970928966999054,93,92,287,547,
imagem,Cathartes aura_782_0.jpg,Cathartes burrovianus,0.9257541298866272,93,86,515,552,
imagem,Cathartes burrovianus_198_0.jpg,Cathartes burrovianus,0.9759269952774048,62,61,215,374,
imagem,Cathartes burrovianus_494_0.jpg,Cathartes burrovianus,0.9207141995429993,91,89,426,552,
imagem,Cathartes burrovianus_54_0.jpg,Cathartes burrovianus,0.9722292423248291,87,89,549,418,
imagem,Cathartes_aura_122_0.jpg,Cathartes aura,0.9806190729141235,92,86,320,554,
imagem,Cathartes_aura_15_0.jpg,Cathartes aura,0.980837881565094,94,86,450,553,
imagem,Cathartes_aura_235_0.jpg,Cathartes burrovianus,0.9902136921882629,87,89,550,344,
imagem,Cathartes_aura_41_0.jpg,Cathartes aura,0.6760589480400085,84,88,541,417,
imagem,Cathartes_burrovianus_125_0.jpg,Cathartes burrovianus,0.9823614954948425,88,89,551,427,
imagem,Cathartes_burrovianus_153_0.jpg,Cathartes burrovianus,0.7701600790023804,92,89,364,552,
imagem,Cathartes_burrovianus_311_0.jpg,Cathartes burrovianus,0.9782545566558838,94,49,492,550,
imagem,Cathartes_burrovianus_7_0.jpg,Cathartes burrovianus,0.9885700345039368,90,90,551,381,
imagem,Cathartes_burrovianus_87_0.jpg,Cathartes burrovianus,0.9582271575927734,91,89,474,553,
imagem,Cathartes_burrovianus_96_0.jpg,Cathartes burrovianus,0.9812652468681335,91,89,526,555,
imagem,Chlorostilbon lucidus_188_0.jpg,Chlorostilbon lucidus,0.988709032535553,82,79,423,483,
imagem,Chlorostilbon lucidus_601_0.jpg,Chlorostilbon lucidus,0.9636287689208984,59,64,411,202,
imagem,Chlorostilbon lucidus_984_0.jpg,Chlorostilbon lucidus,0.9571775197982788,51,47,282,303,
imagem,Chlorostilbon_lucidus_142_0.jpg,Chlorostilbon lucidus,0.9831956028938293,86,93,552,330,
imagem,Chlorostilbon_lucidus_192_0.jpg,Chlorostilbon lucidus,0.9945013523101807,94,90,349,551,
imagem,Chlorostilbon_lucidus_197_0.jpg,Chlorostilbon lucidus,0.9823384881019592,81,81,469,496,
imagem,Chlorostilbon_lucidus_215_0.jpg,Chlorostilbon lucidus,0.9730904698371887,74,70,327,449,
imagem,Chlorostilbon_lucidus_237_0.jpg,Chlorostilbon lucidus,0.9891854524612427,89,90,554,450,
imagem,Chlorostilbon_lucidus_280_0.jpg,Chlorostilbon lucidus,0.964103102684021,90,92,554,498,
imagem,Chlorostilbon_lucidus_28_0.jpg,Chlorostilbon lucidus,0.9614078998565674,94,85,398,549,
imagem,Chlorostilbon_lucidus_93_0.jpg,Chlorostilbon lucidus,0.9708883166313171,84,89,554,468,
imagem,Chrysolampis mosquitus_485_0.jpg,Chrysolampis mosquitus,0.9933562278747559,80,80,283,469,
imagem,Chrysolampis mosquitus_871_0.jpg,Chrysolampis mosquitus,0.904651403427124,70,68,187,431,
imagem,Chrysolampis_mosquitus_128_0.jpg,Chrysolampis mosquitus,0.9944729208946228,91,91,383,545,
imagem,Chrysolampis_mosquitus_154_0.jpg,Chrysolampis mosquitus,0.6582366824150085,51,46,265,288,
imagem,Chrysolampis_mosquitus_206_0.jpg,Chrysolampis mosquitus,0.9929794669151306,90,89,441,541,
imagem,Chrysolampis_mosquitus_230_0.jpg,Chrysolampis mosquitus,0.9896419644355774,90,87,405,553,
imagem,Chrysolampis_mosquitus_270_0.jpg,Chrysolampis mosquitus,0.9292300939559937,91,87,251,551,
imagem,Chrysolampis_mosquitus_284_0.jpg,Chrysolampis mosquitus,0.9744107723236084,85,92,548,497,
imagem,Chrysolampis_mosquitus_297_0.jpg,Chrysolampis mosquitus,0.9648057818412781,86,91,554,316,
imagem,Chrysolampis_mosquitus_44_0.jpg,Chrysolampis mosquitus,0.9607961177825928,71,75,447,425,
imagem,Chrysolampis_mosquitus_87_0.jpg,Chrysolampis mosquitus,0.4444279670715332,92,86,267,553,
imagem,Chrysolampis_mosquitus_95_0.jpg,Chrysolampis mosquitus,0.5064164400100708,90,87,290,548,
imagem,Coereba flaveola_347_0.jpg,Megarynchus pitangua,0.6221219897270203,50,54,329,248,
imagem,Coereba flaveola_568_0.jpg,Coereba flaveola,0.9885067939758301,91,85,502,548,
imagem,Coereba flaveola_747_0.jpg,Coereba flaveola,0.9805189371109009,83,84,518,252,
imagem,Coereba flaveola_930_0.jpg,Coereba flaveola,0.9828586578369141,85,93,549,346,
imagem,Coereba_flaveola_126_0.jpg,Coereba flaveola,0.9666435122489929,80,78,432,493,
imagem,Coereba_flaveola_221_0.jpg,Coereba flaveola,0.9805130958557129,86,90,548,266,
imagem,Coereba_flaveola_30_0.jpg,Coereba flaveola,0.986727774143219,91,89,558,386,
imagem,Coereba_flaveola_67_0.jpg,Coereba flaveola,0.9910258650779724,94,93,535,536,
imagem,Columbina picui_250_0.jpg,Columbina picui,0.9799746870994568,59,51,312,339,
imagem,Columbina picui_46_0.jpg,Columbina picui,0.5386898517608643,87,93,545,432,
imagem,Columbina picui_508_0.jpg,Columbina picui,0.9884827733039856,38,37,200,239,
imagem,Columbina picui_700_0.jpg,Columbina picui,0.9784669876098633,94,87,382,545,
imagem,Columbina picui_97_0.jpg,Columbina picui,0.9862918853759766,90,92,550,376,
imagem,Columbina squammata_397_0.jpg,Columbina squammata,0.9755653142929077,84,92,552,393,
imagem,Columbina squammata_499_0.jpg,Columbina squammata,0.9504746794700623,86,92,554,301,
imagem,Columbina squammata_624_0.jpg,Columbina squammata,0.924059271812439,86,88,547,372,
imagem,Columbina squammata_665_0.jpg,Columbina squammata,0.6935323476791382,89,93,544,492,
imagem,Columbina_picui_114_0.jpg,Columbina picui,0.980680525302887,90,92,547,442,
imagem,Columbina_picui_132_0.jpg,Columbina picui,0.6841787099838257,87,92,551,401,
imagem,Columbina_picui_212_0.jpg,Columbina picui,0.9894557595252991,99,91,548,397,
imagem,Columbina_picui_276_0.jpg,Columbina picui,0.579398512840271,91,94,243,544,
imagem,Columbina_picui_281_0.jpg,Columbina picui,0.5060908198356628,89,95,567,343,
imagem,Columbina_picui_64_0.jpg,Columbina picui,0.9702875018119812,86,93,546,352,
imagem,Columbina_squammata_131_0.jpg,Columbina squammata,0.9680972099304199,92,92,491,555,
imagem,Columbina_squammata_191_0.jpg,Columbina squammata,0.9784528613090515,90,93,556,369,
imagem,Columbina_squammata_19_0.jpg,Columbina squammata,0.975227415561676,86,90,545,282,
imagem,Columbina_squammata_268_0.jpg,Columbina squammata,0.9659916758537292,84,91,552,395,
imagem,Columbina_squammata_38_0.jpg,Columbina squammata,0.9754642248153687,90,89,554,375,
imagem,Columbina_squammata_57_0.jpg,Columbina squammata,0.9861310720443726,91,88,294,549,
imagem,Coragyps atratus_429_0.jpg,Cathartes burrovianus,0.9740734100341797,86,91,551,295,
imagem,Coragyps atratus_791_0.jpg,Coragyps atratus,0.9890443086624146,65,65,303,392,
imagem,Coragyps atratus_8_0.jpg,Cathartes burrovianus,0.9391047954559326,90,90,551,281,
imagem,Coragyps atratus_985_0.jpg,Coragyps atratus,0.9801339507102966,59,61,372,310,
imagem,Coragyps_atratus_123_0.jpg,Coragyps atratus,0.8973264694213867,94,88,392,552,
imagem,Coragyps_atratus_13_0.jpg,Coragyps atratus,0.9516595005989075,84,91,550,499,
imagem,Coragyps_atratus_217_0.jpg,Coragyps atratus,0.9253314733505249,92,98,543,541,
imagem,Coragyps_atratus_344_0.jpg,Coragyps atratus,0.9035879969596863,92,88,343,542,
imagem,Crotophaga ani_358_0.jpg,Crotophaga ani,0.9832600951194763,94,46,403,548,
imagem,Crotophaga ani_445_0.jpg,Crotophaga ani,0.9747303128242493,317,55,581,247,
imagem,Crotophaga ani_445_0.jpg,Crotophaga ani,0.973737359046936,50,53,301,240,
imagem,Crotophaga ani_445_0.jpg,Crotophaga ani,0.9694705009460449,251,278,569,483,
imagem,Crotophaga ani_515_0.jpg,Crotophaga ani,0.994228720664978,86,84,304,521,
imagem,Crotophaga_ani_130_0.jpg,Crotophaga ani,0.9724844694137573,92,93,543,362,
imagem,Crotophaga_ani_141_0.jpg,Crotophaga ani,0.9747211337089539,93,87,303,548,
imagem,Crotophaga_ani_236_0.jpg,Crotophaga ani,0.9779651761054993,88,90,549,296,
imagem,Crotophaga_ani_241_0.jpg,Crotophaga ani,0.9554330110549927,54,97,212,352,
imagem,Crotophaga_ani_241_0.jpg,Crotophaga ani,0.7523968815803528,321,153,597,447,
imagem,Crotophaga_ani_75_0.jpg,Crotophaga ani,0.9559705257415771,91,94,495,549,
imagem,Cyanocorax cyanopogon_151_0.jpg,Cyanocorax cyanopogon,0.8705610632896423,91,92,551,418,
imagem,Cyanocorax cyanopogon_182_0.jpg,Cyanocorax cyanopogon,0.8679104447364807,72,70,415,423,
imagem,Cyanocorax cyanopogon_75_0.jpg,Cyanocorax cyanopogon,0.9880642294883728,30,26,91,170,
imagem,Cyanocorax_cyanopogon_214_0.jpg,Cyanocorax cyanopogon,0.9767864942550659,52,56,334,284,
imagem,Cyanocorax_cyanopogon_21_0.jpg,Cyanocorax cyanopogon,0.9856587052345276,86,90,558,462,
imagem,Cyanocorax_cyanopogon_235_0.jpg,Cyanocorax cyanopogon,0.5489426851272583,90,87,355,564,
imagem,Cyanocorax_cyanopogon_252_0.jpg,Cyanocorax cyanopogon,0.7994732856750488,90,93,546,413,
imagem,Cyanocorax_cyanopogon_265_0.jpg,Cyanocorax cyanopogon,0.9872277975082397,73,73,269,428,
imagem,Cyanocorax_cyanopogon_323_0.jpg,Cyanocorax cyanopogon,0.9928262233734131,93,91,454,546,
imagem,Cyanocorax_cyanopogon_332_0.jpg,Cyanocorax cyanopogon,0.9849108457565308,89,95,551,512,
imagem,Cyclarhis gujanensis_129_0.jpg,Cyclarhis gujanensis,0.945354700088501,66,61,271,397,
imagem,Cyclarhis gujanensis_299_0.jpg,Cyclarhis gujanensis,0.9794560074806213,87,91,547,444,
imagem,Cyclarhis gujanensis_449_0.jpg,Cyclarhis gujanensis,0.9705316424369812,45,48,289,198,
imagem,Cyclarhis gujanensis_614_0.jpg,Cyclarhis gujanensis,0.9561944603919983,81,92,547,461,
imagem,Cyclarhis gujanensis_656_0.jpg,Cyclarhis gujanensis,0.9683448672294617,90,90,548,375,
imagem,Cyclarhis_gujanensis_10_0.jpg,Cyclarhis gujanensis,0.9798865914344788,94,87,278,554,
imagem,Cyclarhis_gujanensis_133_0.jpg,Cyclarhis gujanensis,0.9729442000389099,88,89,297,549,
imagem,Cyclarhis_gujanensis_244_0.jpg,Cyclarhis gujanensis,0.9439847469329834,93,90,335,552,
imagem,Cyclarhis_gujanensis_246_0.jpg,Cyclarhis gujanensis,0.938782274723053,96,92,396,576,
imagem,Cyclarhis_gujanensis_64_0.jpg,Cyclarhis gujanensis,0.9918843507766724,89,88,433,546,
imagem,Dacnis cayana_426_0.jpg,Dacnis cayana,0.9510097503662109,78,78,317,473,
imagem,Dacnis cayana_522_0.jpg,Dacnis cayana,0.9452000856399536,44,45,278,218,
imagem,Dacnis cayana_544_0.jpg,Dacnis cayana,0.9784812927246094,90,94,450,553,
imagem,Dacnis cayana_625_0.jpg,Dacnis cayana,0.9753673672676086,54,54,216,332,
imagem,Dacnis_cayana_136_0.jpg,Dacnis cayana,0.9738449454307556,88,89,550,291,
imagem,Dacnis_cayana_168_0.jpg,Dacnis cayana,0.9426087737083435,92,85,398,547,
imagem,Dacnis_cayana_1_0.jpg,Dacnis cayana,0.9812374711036682,87,89,552,409,
imagem,Dacnis_cayana_207_0.jpg,Dacnis cayana,0.9921155571937561,90,93,552,386,
imagem,Dacnis_cayana_246_0.jpg,Dacnis cayana,0.853827714920044,91,93,550,413,
imagem,Dacnis_cayana_274_0.jpg,Dacnis cayana,0.8422946929931641,81,74,343,470,
imagem,Dacnis_cayana_275_0.jpg,Dacnis cayana,0.9832118153572083,93,90,505,558,
imagem,Dacnis_cayana_48_0.jpg,Dacnis cayana,0.8171117305755615,89,89,553,351,
imagem,Dacnis_cayana_72_0.jpg,Dacnis cayana,0.9454436898231506,67,72,314,404,
imagem,Eupetomena macroura_265_0.jpg,Eupetomena macroura,0.9934536218643188,92,88,310,544,
imagem,Eupetomena macroura_466_0.jpg,Phaethornis pretrei,0.5216729640960693,69,63,188,401,
imagem,Eupetomena macroura_662_0.jpg,Eupetomena macroura,0.838756263256073,81,73,269,492,
imagem,Eupetomena_macroura_118_0.jpg,Eupetomena macroura,0.9461556077003479,92,88,283,548,
imagem,Eupetomena_macroura_160_0.jpg,Eupetomena macroura,0.9787898659706116,91,92,349,557,
imagem,Eupetomena_macroura_211_0.jpg,Eupetomena macroura,0.7754156589508057,90,90,547,544,
imagem,Eupetomena_macroura_242_0.jpg,Eupetomena macroura,0.9785696268081665,91,88,243,548,
imagem,Eupetomena_macroura_34_0.jpg,Eupetomena macroura,0.9799772500991821,59,59,292,336,
imagem,Eupetomena_macroura_373_0.jpg,Eupetomena macroura,0.9909727573394775,89,84,526,549,
imagem,Euphonia chlorotica_35_0.jpg,Euphonia chlorotica,0.9769758582115173,43,43,260,182,
imagem,Euphonia chlorotica_478_0.jpg,Euphonia chlorotica,0.9828798174858093,68,72,438,257,
imagem,Euphonia chlorotica_586_0.jpg,Euphonia chlorotica,0.9779004454612732,46,51,291,185,
imagem,Euphonia_chlorotica_116_0.jpg,Euphonia chlorotica,0.9358623623847961,57,54,268,339,
imagem,Euphonia_chlorotica_120_0.jpg,Euphonia chlorotica,0.9729849100112915,82,75,447,309,
imagem,Euphonia_chlorotica_142_0.jpg,Gnorimopsar chopi,0.8281844854354858,77,70,303,447,
imagem,Euphonia_chlorotica_151_0.jpg,Euphonia chlorotica,0.9763081073760986,82,75,269,468,
imagem,Euphonia_chlorotica_193_0.jpg,Euphonia chlorotica,0.9854355454444885,88,89,464,551,
imagem,Euphonia_chlorotica_198_0.jpg,Euphonia chlorotica,0.9483304619789124,90,92,549,305,
imagem,Euphonia_chlorotica_204_0.jpg,Euphonia chlorotica,0.9791354537010193,86,85,504,321,
imagem,Euphonia_chlorotica_240_0.jpg,Euphonia chlorotica,0.9763720631599426,91,90,549,421,
imagem,Euphonia_chlorotica_262_0.jpg,Euphonia chlorotica,0.8824851512908936,93,95,389,549,
imagem,Euphonia_chlorotica_263_0.jpg,Euphonia chlorotica,0.9398430585861206,68,67,367,412,
imagem,Euphonia_chlorotica_340_0.jpg,Euphonia chlorotica,0.9743955135345459,93,85,442,547,
imagem,Euphonia_chlorotica_57_0.jpg,Euphonia chlorotica,0.9473568201065063,61,55,333,350,
imagem,Euphonia_chlorotica_63_0.jpg,Euphonia chlorotica,0.9834418892860413,89,92,550,386,
imagem,Euphonia_chlorotica_72_0.jpg,Euphonia chlorotica,0.9821887612342834,89,89,546,417,
imagem,Euphonia_chlorotica_76_0.jpg,Euphonia chlorotica,0.964352011680603,88,90,542,449,
imagem,Falco deiroleucus_23_0.jpg,Falco deiroleucus,0.9525051116943359,56,60,363,326,
imagem,Falco_deiroleucus_0_0.jpg,Falco deiroleucus,0.9591571092605591,92,93,336,546,
imagem,Falco_deiroleucus_102_0.jpg,Falco deiroleucus,0.7959473133087158,92,93,348,552,
imagem,Falco_deiroleucus_107_0.jpg,Falco deiroleucus,0.978129506111145,54,46,152,312,
imagem,Falco_deiroleucus_10_0.jpg,Falco deiroleucus,0.6144945025444031,96,88,305,546,
imagem,Falco_deiroleucus_133_0.jpg,Falco deiroleucus,0.97360759973526,84,92,543,421,
imagem,Falco_deiroleucus_151_0.jpg,Falco deiroleucus,0.9891958236694336,91,90,344,551,
imagem,Falco_deiroleucus_156_0.jpg,Falco deiroleucus,0.9812114238739014,90,88,423,550,
imagem,Falco_deiroleucus_157_0.jpg,Falco deiroleucus,0.9801273345947266,55,54,168,329,
imagem,Falco_deiroleucus_16_0.jpg,Falco deiroleucus,0.9759604930877686,90,88,486,551,
imagem,Falco_deiroleucus_184_0.jpg,Falco deiroleucus,0.9727091789245605,76,73,310,451,
imagem,Falco_deiroleucus_232_0.jpg,Falco deiroleucus,0.9758005738258362,52,48,276,312,
imagem,Falco_deiroleucus_237_0.jpg,Falco deiroleucus,0.9682743549346924,92,92,296,547,
imagem,Falco_deiroleucus_241_0.jpg,Falco deiroleucus,0.9718117117881775,89,87,288,549,
imagem,Falco_deiroleucus_250_0.jpg,Falco deiroleucus,0.9779618978500366,44,47,161,292,
imagem,Falco_deiroleucus_96_0.jpg,Falco deiroleucus,0.9280226230621338,81,92,546,374,
imagem,Galbula ruficauda_168_0.jpg,Galbula ruficauda,0.9847709536552429,89,94,432,547,
imagem,Galbula ruficauda_258_0.jpg,Galbula ruficauda,0.9236821532249451,68,64,293,414,
imagem,Galbula ruficauda_340_0.jpg,Galbula ruficauda,0.9827477335929871,78,73,378,477,
imagem,Galbula ruficauda_37_0.jpg,Galbula ruficauda,0.9836839437484741,91,84,379,546,
imagem,Galbula ruficauda_606_0.jpg,Galbula ruficauda,0.9830740094184875,90,90,348,546,
imagem,Galbula ruficauda_763_0.jpg,Galbula ruficauda,0.9778607487678528,42,41,172,260,
imagem,Galbula_ruficauda_111_0.jpg,Galbula ruficauda,0.98974609375,90,86,403,549,
imagem,Galbula_ruficauda_122_0.jpg,Galbula ruficauda,0.9256988763809204,94,90,390,547,
imagem,Galbula_ruficauda_14_0.jpg,Galbula ruficauda,0.9838472008705139,93,90,520,546,
imagem,Galbula_ruficauda_150_0.jpg,Galbula ruficauda,0.9786893725395203,95,91,387,546,
imagem,Galbula_ruficauda_239_0.jpg,Galbula ruficauda,0.9883992671966553,95,92,312,555,
imagem,Galbula_ruficauda_241_0.jpg,Galbula ruficauda,0.7774414420127869,91,87,240,544,
imagem,Galbula_ruficauda_292_0.jpg,Galbula ruficauda,0.9679780602455139,88,90,548,525,
imagem,Galbula_ruficauda_42_0.jpg,Galbula ruficauda,0.9804958701133728,94,85,333,551,
imagem,Galbula_ruficauda_64_0.jpg,Galbula ruficauda,0.9569615125656128,92,84,447,550,
imagem,Galbula_ruficauda_66_0.jpg,Chlorostilbon lucidus,0.6777594089508057,85,86,547,408,
imagem,Galbula_ruficauda_67_0.jpg,Galbula ruficauda,0.9813364148139954,93,93,285,547,
imagem,Gnorimopsar chopi_100_0.jpg,Gnorimopsar chopi,0.9792752861976624,38,40,243,152,
imagem,Gnorimopsar chopi_236_0.jpg,Gnorimopsar chopi,0.6023932695388794,90,91,392,539,
imagem,Gnorimopsar chopi_621_0.jpg,Gnorimopsar chopi,0.990753173828125,86,88,548,408,
imagem,Gnorimopsar chopi_878_0.jpg,Gnorimopsar chopi,0.9739758968353271,88,92,549,511,
imagem,Gnorimopsar_chopi_168_0.jpg,Gnorimopsar chopi,0.9929214119911194,91,90,297,543,
imagem,Gnorimopsar_chopi_176_0.jpg,Gnorimopsar chopi,0.9688290357589722,88,91,543,533,
imagem,Gnorimopsar_chopi_221_0.jpg,Gnorimopsar chopi,0.9630343317985535,85,91,545,434,
imagem,Gnorimopsar_chopi_253_0.jpg,Gnorimopsar chopi,0.9816576242446899,91,94,552,406,
imagem,Gnorimopsar_chopi_260_0.jpg,Gnorimopsar chopi,0.9852550029754639,90,90,332,538,
imagem,Gnorimopsar_chopi_285_0.jpg,Gnorimopsar chopi,0.9678965210914612,87,91,550,487,
imagem,Gnorimopsar_chopi_297_0.jpg,Gnorimopsar chopi,0.9872990250587463,91,90,380,538,
imagem,Gnorimopsar_chopi_300_0.jpg,Gnorimopsar chopi,0.9918122291564941,92,88,319,547,
imagem,Gnorimopsar_chopi_49_0.jpg,Gnorimopsar chopi,0.9124191999435425,49,46,157,298,
imagem,Gnorimopsar_chopi_56_0.jpg,Gnorimopsar chopi,0.9744710326194763,85,90,550,456,
imagem,Gnorimopsar_chopi_85_0.jpg,Gnorimopsar chopi,0.9792669415473938,39,33,179,237,
imagem,Great Egret Egretta alba_549_0.jpg,Egretta alba,0.8871181607246399,55,59,364,313,
imagem,Great_Egret_Egretta_alba_127_0.jpg,Egretta alba,0.975459098815918,46,42,247,199,
imagem,Great_Egret_Egretta_alba_154_0.jpg,Egretta alba,0.9647205471992493,90,85,376,536,
imagem,Great_Egret_Egretta_alba_155_0.jpg,Egretta alba,0.9563286304473877,93,87,429,559,
imagem,Great_Egret_Egretta_alba_192_0.jpg,Egretta alba,0.6968998908996582,90,95,555,387,
imagem,Great_Egret_Egretta_alba_193_0.jpg,Egretta alba,0.8005158305168152,90,91,554,497,
imagem,Great_Egret_Egretta_alba_1_0.jpg,Egretta alba,0.9577850699424744,49,43,190,289,
imagem,Great_Egret_Egretta_alba_222_1.jpg,Egretta alba,0.8693850040435791,37,28,198,211,
imagem,Great_Egret_Egretta_alba_306_0.jpg,Egretta alba,0.9054181575775146,86,87,502,549,
imagem,Great_Egret_Egretta_alba_37_0.jpg,Egretta alba,0.918394923210144,94,91,549,456,
imagem,Great_Egret_Egretta_alba_89_0.jpg,Egretta alba,0.9656409621238708,58,57,203,372,
imagem,Guira_Cuckoo_Guira_guira_101_0.jpg,Guira guira,0.9624138474464417,69,52,332,152,
imagem,Guira_Cuckoo_Guira_guira_102_0.jpg,Guira guira,0.9797013998031616,86,96,550,489,
imagem,Guira_Cuckoo_Guira_guira_10_0.jpg,Guira guira,0.9468775391578674,90,90,474,547,
imagem,Guira_Cuckoo_Guira_guira_180_0.jpg,Guira guira,0.927528977394104,93,94,550,299,
imagem,Guira_Cuckoo_Guira_guira_182_0.jpg,Guira guira,0.8170084357261658,89,91,548,331,
imagem,Guira_Cuckoo_Guira_guira_198_0.jpg,Guira guira,0.9761511087417603,88,91,552,481,
imagem,Guira_Cuckoo_Guira_guira_229_0.jpg,Guira guira,0.9862668514251709,75,209,451,357,
imagem,Guira_Cuckoo_Guira_guira_229_0.jpg,Guira guira,0.9413209557533264,457,35,603,218,
imagem,Guira_Cuckoo_Guira_guira_22_0.jpg,Guira guira,0.9206274151802063,47,91,519,471,
imagem,Guira_Cuckoo_Guira_guira_242_0.jpg,Guira guira,0.9644162058830261,82,69,504,423,
imagem,Guira_Cuckoo_Guira_guira_300_0.jpg,Guira guira,0.9805570840835571,82,94,551,332,
imagem,Guira_Cuckoo_Guira_guira_324_0.jpg,Guira guira,0.9567130208015442,68,69,419,310,
imagem,Guira_Cuckoo_Guira_guira_333_0.jpg,Guira guira,0.7621220946311951,66,75,423,232,
imagem,Guira_Cuckoo_Guira_guira_352_0.jpg,Guira guira,0.9545654058456421,64,64,380,226,
imagem,Guira_Cuckoo_Guira_guira_367_0.jpg,Guira guira,0.9825053215026855,89,89,550,247,
imagem,Guira_Cuckoo_Guira_guira_374_0.jpg,Guira guira,0.9842913150787354,97,64,260,545,
imagem,Guira_Cuckoo_Guira_guira_72_0.jpg,Guira guira,0.9440624117851257,81,92,547,263,
imagem,Guira_Cuckoo_Guira_guira_90_0.jpg,Guira guira,0.7952391505241394,94,87,349,551,
imagem,Hemitriccus margaritaceiventer_274_0.jpg,Hemitriccus margaritaceiventer,0.7762054204940796,91,82,423,549,
imagem,Hemitriccus margaritaceiventer_799_0.jpg,Hemitriccus margaritaceiventer,0.9580152034759521,63,59,253,386,
imagem,Hemitriccus margaritaceiventer_818_0.jpg,Hemitriccus margaritaceiventer,0.9831962585449219,25,26,161,151,
imagem,Hemitriccus_margaritaceiventer_142_0.jpg,Hemitriccus margaritaceiventer,0.9928170442581177,84,81,458,483,
imagem,Hemitriccus_margaritaceiventer_153_0.jpg,Hemitriccus margaritaceiventer,0.9789724946022034,87,90,554,460,
imagem,Hemitriccus_margaritaceiventer_192_0.jpg,Hemitriccus margaritaceiventer,0.9844949841499329,95,88,508,557,
imagem,Hemitriccus_margaritaceiventer_194_0.jpg,Hemitriccus margaritaceiventer,0.8106076121330261,95,90,390,545,
imagem,Hemitriccus_margaritaceiventer_221_0.jpg,Hemitriccus margaritaceiventer,0.9756243228912354,73,75,315,455,
imagem,Hemitriccus_margaritaceiventer_24_0.jpg,Hemitriccus margaritaceiventer,0.9316897988319397,92,86,240,555,
imagem,Hemitriccus_margaritaceiventer_252_0.jpg,Hemitriccus margaritaceiventer,0.6918419003486633,93,86,364,546,
imagem,Hemitriccus_margaritaceiventer_269_0.jpg,Hemitriccus margaritaceiventer,0.9428923726081848,91,86,303,542,
imagem,Hemitriccus_margaritaceiventer_272_0.jpg,Hemitriccus margaritaceiventer,0.9761914014816284,83,93,554,542,
imagem,Hemitriccus_margaritaceiventer_287_0.jpg,Hemitriccus margaritaceiventer,0.981021523475647,90,89,261,544,
imagem,Hemitriccus_margaritaceiventer_42_0.jpg,Hemitriccus margaritaceiventer,0.9833032488822937,97,88,283,549,
imagem,Hemitriccus_margaritaceiventer_74_0.jpg,Hemitriccus margaritaceiventer,0.9789267182350159,54,50,209,327,
imagem,Hirundinea ferruginea_140_0.jpg,Hirundinea ferruginea,0.9852771162986755,91,87,401,542,
imagem,Hirundinea ferruginea_354_0.jpg,Hirundinea ferruginea,0.9788256287574768,76,83,488,468,
imagem,Hirundinea ferruginea_557_0.jpg,Hirundinea ferruginea,0.9839334487915039,55,57,353,336,
imagem,Hirundinea ferruginea_591_0.jpg,Hirundinea ferruginea,0.96882563829422,39,40,248,230,
imagem,Hirundinea ferruginea_778_0.jpg,Hirundinea ferruginea,0.9921735525131226,84,82,522,443,
imagem,Hirundinea_ferruginea_114_0.jpg,Hirundinea ferruginea,0.9602686166763306,93,94,405,554,
imagem,Hirundinea_ferruginea_141_0.jpg,Hirundinea ferruginea,0.9395036101341248,94,90,542,551,
imagem,Hirundinea_ferruginea_159_0.jpg,Hirundinea ferruginea,0.9808672070503235,73,66,407,412,
imagem,Hirundinea_ferruginea_203_0.jpg,Hirundinea ferruginea,0.9886733889579773,58,57,196,344,
imagem,Hirundinea_ferruginea_207_0.jpg,Hirundinea ferruginea,0.9858207702636719,67,58,213,387,
imagem,Hirundinea_ferruginea_218_0.jpg,Hirundinea ferruginea,0.9592180252075195,93,86,258,554,
imagem,Hirundinea_ferruginea_230_0.jpg,Hirundinea ferruginea,0.8454934358596802,42,49,278,211,
imagem,Hirundinea_ferruginea_23_0.jpg,Hirundinea ferruginea,0.9011975526809692,85,89,550,480,
imagem,Hirundinea_ferruginea_280_0.jpg,Hirundinea ferruginea,0.9811155796051025,94,88,455,551,
imagem,Hirundinea_ferruginea_83_0.jpg,Hirundinea ferruginea,0.9433841705322266,58,58,365,315,
imagem,Hirundinea_ferruginea_86_0.jpg,Hirundinea ferruginea,0.9128744602203369,89,87,502,558,
imagem,Icterus jamacaii_278_0.jpg,Icterus jamacaii,0.984394371509552,91,90,468,548,
imagem,Icterus jamacaii_412_0.jpg,Icterus jamacaii,0.9740738272666931,86,93,550,260,
imagem,Icterus jamacaii_512_0.jpg,Icterus jamacaii,0.9894340634346008,90,89,444,546,
imagem,Icterus jamacaii_544_0.jpg,Icterus jamacaii,0.9884090423583984,94,88,369,547,
imagem,Icterus jamacaii_925_0.jpg,Icterus jamacaii,0.9779390692710876,90,91,236,547,
imagem,Icterus_jamacaii_119_0.jpg,Icterus jamacaii,0.9704110622406006,85,83,465,517,
imagem,Icterus_jamacaii_143_0.jpg,Icterus jamacaii,0.9864253997802734,67,61,235,394,
imagem,Icterus_jamacaii_169_0.jpg,Icterus jamacaii,0.9447084069252014,91,87,393,553,
imagem,Icterus_jamacaii_191_0.jpg,Icterus jamacaii,0.9701793193817139,92,87,251,549,
imagem,Icterus_jamacaii_212_1.jpg,Icterus jamacaii,0.9759168028831482,72,74,208,429,
imagem,Icterus_jamacaii_214_0.jpg,Icterus jamacaii,0.9810778498649597,92,89,495,553,
imagem,Icterus_jamacaii_217_0.jpg,Icterus jamacaii,0.972653329372406,84,90,227,547,
imagem,Icterus_jamacaii_235_0.jpg,Icterus jamacaii,0.9878215193748474,91,93,551,528,
imagem,Icterus_jamacaii_314_0.jpg,Icterus jamacaii,0.9813823699951172,48,47,187,282,
imagem,Icterus_jamacaii_48_0.jpg,Icterus jamacaii,0.9529049396514893,56,51,302,325,
imagem,Icterus_jamacaii_85_0.jpg,Icterus jamacaii,0.985293984413147,89,97,505,551,
imagem,Knipolegus nigerrimus_197_0.jpg,Knipolegus nigerrimus,0.955966055393219,87,80,386,506,
imagem,Knipolegus nigerrimus_383_0.jpg,Knipolegus nigerrimus,0.9687345027923584,30,32,190,153,
imagem,Knipolegus nigerrimus_638_0.jpg,Knipolegus nigerrimus,0.9840478301048279,92,88,438,549,
imagem,Knipolegus nigerrimus_869_0.jpg,Knipolegus nigerrimus,0.9455069899559021,90,92,550,433,
imagem,Knipolegus_nigerrimus_103_0.jpg,Knipolegus nigerrimus,0.9782740473747253,93,90,468,552,
imagem,Knipolegus_nigerrimus_138_1.jpg,Knipolegus nigerrimus,0.966520369052887,43,37,173,233,
imagem,Knipolegus_nigerrimus_145_0.jpg,Knipolegus nigerrimus,0.9043471813201904,93,92,250,548,
imagem,Knipolegus_nigerrimus_185_0.jpg,Knipolegus nigerrimus,0.9818823933601379,85,90,539,425,
imagem,Knipolegus_nigerrimus_194_0.jpg,Knipolegus nigerrimus,0.9761320948600769,93,91,458,555,
imagem,Knipolegus_nigerrimus_251_0.jpg,Knipolegus nigerrimus,0.41958194971084595,91,89,474,547,
imagem,Knipolegus_nigerrimus_303_0.jpg,Knipolegus nigerrimus,0.9783383011817932,93,89,380,553,
imagem,Knipolegus_nigerrimus_307_0.jpg,Knipolegus nigerrimus,0.9818828105926514,89,87,477,544,
imagem,Knipolegus_nigerrimus_309_0.jpg,Knipolegus nigerrimus,0.9537829756736755,92,91,474,551,
imagem,Knipolegus_nigerrimus_317_0.jpg,Knipolegus nigerrimus,0.9874481558799744,92,88,318,550,
imagem,Knipolegus_nigerrimus_56_0.jpg,Knipolegus nigerrimus,0.9719646573066711,76,75,333,457,
imagem,Knipolegus_nigerrimus_80_0.jpg,Knipolegus nigerrimus,0.581527054309845,88,92,553,327,
imagem,Limpkin Aramus guarauna_829_0.jpg,Aramus guarauna,0.9808339476585388,86,92,543,513,
imagem,Limpkin_Aramus_guarauna_0_0.jpg,Aramus guarauna,0.9268810153007507,92,89,377,550,
imagem,Limpkin_Aramus_guarauna_108_0.jpg,Aramus guarauna,0.9906622767448425,92,91,552,384,
imagem,Limpkin_Aramus_guarauna_129_0.jpg,Aramus guarauna,0.9727789163589478,88,88,556,493,
imagem,Limpkin_Aramus_guarauna_138_0.jpg,Aramus guarauna,0.9871941208839417,86,91,548,329,
imagem,Limpkin_Aramus_guarauna_144_0.jpg,Aramus guarauna,0.9693741202354431,92,91,551,372,
imagem,Limpkin_Aramus_guarauna_150_0.jpg,Aramus guarauna,0.9854737520217896,94,91,371,556,
imagem,Limpkin_Aramus_guarauna_20_0.jpg,Aramus guarauna,0.7439644932746887,92,91,546,449,
imagem,Limpkin_Aramus_guarauna_253_0.jpg,Aramus guarauna,0.9599745273590088,90,88,493,550,
imagem,Limpkin_Aramus_guarauna_256_0.jpg,Aramus guarauna,0.9746081233024597,89,90,550,390,
imagem,Limpkin_Aramus_guarauna_257_0.jpg,Aramus guarauna,0.9810333251953125,87,94,544,346,
imagem,Limpkin_Aramus_guarauna_262_0.jpg,Aramus guarauna,0.9726446866989136,91,89,549,489,
imagem,Limpkin_Aramus_guarauna_27_0.jpg,Aramus guarauna,0.9791079163551331,90,89,458,534,
imagem,Limpkin_Aramus_guarauna_290_0.jpg,Aramus guarauna,0.9722651839256287,40,44,256,216,
imagem,Limpkin_Aramus_guarauna_2_0.jpg,Aramus guarauna,0.9832333922386169,87,90,549,481,
imagem,Limpkin_Aramus_guarauna_5_0.jpg,Aramus guarauna,0.9725537896156311,90,94,551,514,
imagem,Limpkin_Aramus_guarauna_81_0.jpg,Aramus guarauna,0.9726285338401794,94,91,334,561,
imagem,Megarynchus pitangua_370_0.jpg,Megarynchus pitangua,0.9874769449234009,81,79,353,483,
imagem,Megarynchus pitangua_715_0.jpg,Megarynchus pitangua,0.9697446227073669,88,93,557,478,
imagem,Megarynchus_pitangua_106_0.jpg,Megarynchus pitangua,0.9830780625343323,94,85,453,551,
imagem,Megarynchus_pitangua_117_0.jpg,Megarynchus pitangua,0.8241370916366577,93,90,474,554,
imagem,Megarynchus_pitangua_132_0.jpg,Megarynchus pitangua,0.9969322681427002,90,86,418,551,
imagem,Megarynchus_pitangua_171_0.jpg,Megarynchus pitangua,0.856663703918457,95,89,301,549,
imagem,Megarynchus_pitangua_204_0.jpg,Pitangus sulphuratus,0.7120431661605835,90,95,555,448,
imagem,Megarynchus_pitangua_204_0.jpg,Megarynchus pitangua,0.7454959154129028,92,93,551,448,
imagem,Megarynchus_pitangua_222_0.jpg,Megarynchus pitangua,0.985925018787384,90,88,479,547,
imagem,Megarynchus_pitangua_244_0.jpg,Megarynchus pitangua,0.9840269088745117,90,87,427,545,
imagem,Megarynchus_pitangua_262_0.jpg,Megarynchus pitangua,0.9622100591659546,92,89,551,516,
imagem,Megarynchus_pitangua_42_0.jpg,Megarynchus pitangua,0.9792503118515015,8,56,296,193,
imagem,Megarynchus_pitangua_52_0.jpg,Megarynchus pitangua,0.9780294895172119,72,70,310,417,
imagem,Megarynchus_pitangua_84_0.jpg,Megarynchus pitangua,0.9452772736549377,68,72,285,434,
imagem,Megarynchus_pitangua_8_0.jpg,Megarynchus pitangua,0.962657630443573,92,86,498,545,
imagem,Milvago chimachima_645_0.jpg,Milvago chimachima,0.6971216201782227,69,64,429,323,
imagem,Milvago chimachima_768_0.jpg,Milvago chimachima,0.6432041525840759,87,90,550,527,
imagem,Milvago chimachima_798_0.jpg,Milvago chimachima,0.7477667331695557,78,77,475,319,
imagem,Milvago_chimachima_136_0.jpg,Milvago chimachima,0.9005910754203796,41,34,220,237,
imagem,Milvago_chimachima_151_0.jpg,Milvago chimachima,0.9867178201675415,86,74,286,499,
imagem,Milvago_chimachima_159_0.jpg,Milvago chimachima,0.9624527096748352,91,88,364,545,
imagem,Milvago_chimachima_182_0.jpg,Milvago chimachima,0.8456569910049438,83,86,449,514,
imagem,Milvago_chimachima_274_0.jpg,Milvago chimachima,0.9965025186538696,92,91,360,547,
imagem,Milvago_chimachima_287_0.jpg,Milvago chimachima,0.994166374206543,92,92,488,549,
imagem,Milvago_chimachima_293_0.jpg,Milvago chimachima,0.7297850251197815,70,73,472,366,
imagem,Milvago_chimachima_317_0.jpg,Milvago chimachima,0.9899807572364807,87,91,554,327,
imagem,Milvago_chimachima_319_0.jpg,Milvago chimachima,0.9401973485946655,92,92,500,546,
imagem,Muscovy Duck Cairina moschata_228_0.jpg,Cairina moschata,0.9278177618980408,76,91,550,360,
imagem,Muscovy Duck Cairina moschata_463_0.jpg,Cairina moschata,0.9758889675140381,96,90,552,372,
imagem,Muscovy Duck Cairina moschata_69_0.jpg,Cairina moschata,0.9853464365005493,91,91,412,548,
imagem,Muscovy Duck Cairina moschata_781_0.jpg,Cairina moschata,0.9870791435241699,86,89,552,338,
imagem,Muscovy_Duck_Cairina_moschata_123_1.jpg,Cairina moschata,0.9139485359191895,74,69,562,376,
imagem,Muscovy_Duck_Cairina_moschata_146_0.jpg,Cairina moschata,0.9750385880470276,93,88,547,334,
imagem,Muscovy_Duck_Cairina_moschata_149_0.jpg,Cairina moschata,0.9330840110778809,23,26,152,105,
imagem,Muscovy_Duck_Cairina_moschata_14_0.jpg,Cairina moschata,0.7594902515411377,173,48,441,325,
imagem,Muscovy_Duck_Cairina_moschata_14_0.jpg,Cairina moschata,0.7354980111122131,72,289,422,571,
imagem,Muscovy_Duck_Cairina_moschata_161_0.jpg,Cairina moschata,0.9705860018730164,89,91,549,400,
imagem,Muscovy_Duck_Cairina_moschata_174_0.jpg,Cairina moschata,0.9888018369674683,91,89,314,547,
imagem,Muscovy_Duck_Cairina_moschata_206_2.jpg,Cairina moschata,0.9824622869491577,41,44,265,161,
imagem,Muscovy_Duck_Cairina_moschata_219_0.jpg,Cairina moschata,0.9494187235832214,94,90,548,461,
imagem,Muscovy_Duck_Cairina_moschata_224_0.jpg,Cairina moschata,0.9665279388427734,86,89,557,346,
imagem,Muscovy_Duck_Cairina_moschata_267_0.jpg,Cairina moschata,0.9533400535583496,93,88,387,554,
imagem,Muscovy_Duck_Cairina_moschata_287_0.jpg,Cairina moschata,0.9611042141914368,87,92,548,264,
imagem,Muscovy_Duck_Cairina_moschata_306_0.jpg,Cairina moschata,0.9854722619056702,93,91,541,303,
imagem,Muscovy_Duck_Cairina_moschata_310_0.jpg,Cairina moschata,0.9065859317779541,94,87,418,557,
imagem,Muscovy_Duck_Cairina_moschata_346_0.jpg,Cairina moschata,0.9844411611557007,45,50,287,226,
imagem,Myiodynastes maculatus_238_0.jpg,Myiodynastes maculatus,0.964708149433136,67,66,344,402,
imagem,Myiodynastes maculatus_349_0.jpg,Myiodynastes maculatus,0.9721883535385132,92,86,500,553,
imagem,Myiodynastes maculatus_409_0.jpg,Myiodynastes maculatus,0.9671111702919006,91,91,301,549,
imagem,Myiodynastes maculatus_559_0.jpg,Myiodynastes maculatus,0.9808369278907776,91,87,362,552,
imagem,Myiodynastes_maculatus_154_0.jpg,Myiodynastes maculatus,0.9645655751228333,86,91,558,401,
imagem,Myiodynastes_maculatus_20_0.jpg,Myiodynastes maculatus,0.9816465973854065,96,86,252,552,
imagem,Myiodynastes_maculatus_22_0.jpg,Myiodynastes maculatus,0.9013128876686096,94,82,322,548,
imagem,Myiodynastes_maculatus_231_0.jpg,Myiodynastes maculatus,0.9633468985557556,84,89,551,340,
imagem,Myiodynastes_maculatus_251_0.jpg,Myiodynastes maculatus,0.9798300266265869,92,95,551,367,
imagem,Myiodynastes_maculatus_50_0.jpg,Myiodynastes maculatus,0.9646407961845398,82,90,554,478,
imagem,Myiodynastes_maculatus_65_0.jpg,Myiodynastes maculatus,0.9811787009239197,46,45,217,265,
imagem,Myiodynastes_maculatus_89_0.jpg,Myiodynastes maculatus,0.9773980975151062,61,61,196,377,
imagem,Myiodynastes_maculatus_90_0.jpg,Myiodynastes maculatus,0.9832212924957275,92,94,406,552,
imagem,Myiodynastes_maculatus_94_0.jpg,Myiodynastes maculatus,0.9546376466751099,142,310,281,589,
imagem,Myiodynastes_maculatus_94_0.jpg,Myiodynastes maculatus,0.6108169555664062,50,45,303,270,
imagem,Ortalis guttata_30_0.jpg,Ortalis guttata,0.9619077444076538,92,89,526,539,
imagem,Ortalis guttata_812_0.jpg,Ortalis guttata,0.9761886596679688,90,93,501,550,
imagem,Ortalis guttata_842_0.jpg,Ortalis guttata,0.9899328947067261,68,66,384,408,
imagem,Ortalis guttata_952_0.jpg,Ortalis guttata,0.9800975918769836,94,92,445,558,
imagem,Ortalis_guttata_109_0.jpg,Ortalis guttata,0.9760870337486267,81,85,501,268,
imagem,Ortalis_guttata_132_0.jpg,Ortalis guttata,0.9028877019882202,90,90,366,532,
imagem,Ortalis_guttata_132_0.jpg,Ortalis guttata,0.8714808225631714,231,225,523,549,
imagem,Ortalis_guttata_170_0.jpg,Ortalis guttata,0.9781140089035034,90,93,550,486,
imagem,Ortalis_guttata_192_0.jpg,Ortalis guttata,0.977386474609375,91,85,388,546,
imagem,Ortalis_guttata_212_0.jpg,Ortalis guttata,0.9858099818229675,90,89,243,545,
imagem,Ortalis_guttata_243_0.jpg,Ortalis guttata,0.9781554341316223,93,89,549,502,
imagem,Ortalis_guttata_286_0.jpg,Ortalis guttata,0.9531001448631287,88,92,551,327,
imagem,Ortalis_guttata_296_0.jpg,Ortalis guttata,0.8154796957969666,95,88,530,543,
imagem,Ortalis_guttata_34_0.jpg,Ortalis guttata,0.9892871379852295,87,90,546,509,
imagem,Ortalis_guttata_56_2.jpg,Ortalis guttata,0.9594473838806152,64,72,361,421,
imagem,Ortalis_guttata_87_0.jpg,Ortalis guttata,0.9855764508247375,76,92,543,381,
imagem,Ortalis_guttata_88_0.jpg,Ortalis guttata,0.9808339476585388,91,87,496,549,
imagem,Osprey Pandion haliaetus_138_0.jpg,Pandion haliaetus,0.87110435962677,86,92,551,243,
imagem,Osprey Pandion haliaetus_850_0.jpg,Pandion haliaetus,0.9856376051902771,69,67,416,271,
imagem,Osprey_Pandion_haliaetus_111_0.jpg,Pandion haliaetus,0.9832749962806702,86,82,285,502,
imagem,Osprey_Pandion_haliaetus_119_0.jpg,Pandion haliaetus,0.9014409780502319,91,90,251,550,
imagem,Osprey_Pandion_haliaetus_128_0.jpg,Pandion haliaetus,0.9741763472557068,64,65,311,380,
imagem,Osprey_Pandion_haliaetus_159_0.jpg,Pandion haliaetus,0.9098338484764099,82,85,505,301,
imagem,Osprey_Pandion_haliaetus_18_0.jpg,Pandion haliaetus,0.9735862612724304,86,88,546,402,
imagem,Osprey_Pandion_haliaetus_19_0.jpg,Pandion haliaetus,0.9741933941841125,92,91,515,548,
imagem,Osprey_Pandion_haliaetus_20_0.jpg,Pandion haliaetus,0.9565949440002441,93,85,378,550,
imagem,Osprey_Pandion_haliaetus_284_0.jpg,Pandion haliaetus,0.9860286116600037,90,91,549,270,
imagem,Osprey_Pandion_haliaetus_296_0.jpg,Pandion haliaetus,0.8802834153175354,95,86,410,548,
imagem,Osprey_Pandion_haliaetus_301_0.jpg,Pandion haliaetus,0.9719744324684143,92,90,386,554,
imagem,Osprey_Pandion_haliaetus_302_0.jpg,Pandion haliaetus,0.8533561825752258,73,76,433,429,
imagem,Osprey_Pandion_haliaetus_308_0.jpg,Pandion haliaetus,0.9827102422714233,93,90,555,335,
imagem,Osprey_Pandion_haliaetus_352_0.jpg,Pandion haliaetus,0.9881533980369568,90,90,437,549,
imagem,Osprey_Pandion_haliaetus_61_0.jpg,Pandion haliaetus,0.764502227306366,87,91,547,269,
imagem,Osprey_Pandion_haliaetus_90_0.jpg,Pandion haliaetus,0.8537583947181702,95,90,273,554,
imagem,Paroaria dominicana_48_0.jpg,Paroaria dominicana,0.9867880344390869,47,50,302,248,
imagem,Paroaria dominicana_538_0.jpg,Paroaria dominicana,0.9893414974212646,89,91,418,545,
imagem,Paroaria dominicana_657_0.jpg,Paroaria dominicana,0.978557288646698,210,80,561,478,
imagem,Paroaria dominicana_657_0.jpg,Paroaria dominicana,0.7728211283683777,74,85,252,478,
imagem,Paroaria_dominicana_115_0.jpg,Paroaria dominicana,0.9894750118255615,92,88,379,550,
imagem,Paroaria_dominicana_11_0.jpg,Paroaria dominicana,0.9850544929504395,91,92,552,359,
imagem,Paroaria_dominicana_132_0.jpg,Paroaria dominicana,0.9625271558761597,89,90,553,435,
imagem,Paroaria_dominicana_150_0.jpg,Paroaria dominicana,0.9323747158050537,41,46,301,179,
imagem,Paroaria_dominicana_183_0.jpg,Paroaria dominicana,0.8702465891838074,93,86,305,550,
imagem,Paroaria_dominicana_191_0.jpg,Paroaria dominicana,0.9797616004943848,76,78,460,288,
imagem,Paroaria_dominicana_192_0.jpg,Euphonia chlorotica,0.645954966545105,76,80,493,325,
imagem,Paroaria_dominicana_227_0.jpg,Paroaria dominicana,0.9898936152458191,85,92,550,399,
imagem,Paroaria_dominicana_321_0.jpg,Paroaria dominicana,0.5830823183059692,46,46,287,207,
imagem,Paroaria_dominicana_353_0.jpg,Paroaria dominicana,0.9816416501998901,94,89,302,550,
imagem,Paroaria_dominicana_357_0.jpg,Paroaria dominicana,0.9556525349617004,160,63,497,307,
imagem,Paroaria_dominicana_357_0.jpg,Paroaria dominicana,0.9397639036178589,86,330,496,558,
imagem,Paroaria_dominicana_362_1.jpg,Paroaria dominicana,0.8196331858634949,26,29,174,181,
imagem,Paroaria_dominicana_363_1.jpg,Paroaria dominicana,0.9239447712898254,59,61,365,348,
imagem,Paroaria_dominicana_55_0.jpg,Paroaria dominicana,0.980434000492096,54,51,271,319,
imagem,Paroaria_dominicana_58_0.jpg,Paroaria dominicana,0.9844404458999634,51,49,260,300,
imagem,Paroaria_dominicana_6_0.jpg,Paroaria dominicana,0.6851311922073364,24,28,161,136,
imagem,Paroaria_dominicana_71_1.jpg,Paroaria dominicana,0.9415735006332397,26,28,90,170,
imagem,Paroaria_dominicana_77_0.jpg,Paroaria dominicana,0.9842599034309387,95,89,389,555,
imagem,Paroaria_dominicana_92_0.jpg,Paroaria dominicana,0.9933579564094543,91,88,469,550,
imagem,Passer_domesticus_103_0.jpg,Passer domesticus,0.956633448600769,95,89,550,385,
imagem,Passer_domesticus_109_1.jpg,Passer domesticus,0.9323965907096863,40,44,280,168,
imagem,Passer_domesticus_11_4.jpg,Passer domesticus,0.9366940855979919,13,22,122,143,
imagem,Passer_domesticus_147_0.jpg,Passer domesticus,0.9755004048347473,89,91,550,442,
imagem,Passer_domesticus_158_0.jpg,Passer domesticus,0.906736433506012,43,51,298,274,
imagem,Passer_domesticus_165_0.jpg,Passer domesticus,0.9771010279655457,76,76,473,395,
imagem,Passer_domesticus_193_0.jpg,Passer domesticus,0.7884449362754822,92,82,553,489,
imagem,Passer_domesticus_214_0.jpg,Passer domesticus,0.9767224192619324,89,92,561,459,
imagem,Passer_domesticus_220_0.jpg,Passer domesticus,0.8819786310195923,41,47,273,152,
imagem,Passer_domesticus_247_0.jpg,Passer domesticus,0.7515208721160889,91,88,367,551,
imagem,Passer_domesticus_291_0.jpg,Passer domesticus,0.9649775624275208,88,90,552,374,
imagem,Passer_domesticus_60_0.jpg,Passer domesticus,0.9168787598609924,86,94,550,326,
imagem,Passer_domesticus_74_0.jpg,Passer domesticus,0.9502683877944946,88,89,555,500,
imagem,Passer_domesticus_95_0.jpg,Passer domesticus,0.401918888092041,11,16,87,79,
imagem,Passer_domesticus_96_1.jpg,Passer domesticus,0.7993172407150269,139,45,222,115,
imagem,Passer_domesticus_96_1.jpg,Passer domesticus,0.6198418736457825,25,17,131,97,
imagem,Passer_domesticus_96_2.jpg,Passer domesticus,0.9375178813934326,16,13,67,89,
imagem,Peregrine Falcon Falco peregrinus_316_0.jpg,Falco peregrinus,0.9095728993415833,85,92,549,244,
imagem,Peregrine Falcon Falco peregrinus_929_0.jpg,Falco peregrinus,0.6059969067573547,94,89,389,548,
imagem,Peregrine_Falcon_Falco_peregrinus_123_0.jpg,Falco peregrinus,0.9859068393707275,90,92,549,452,
imagem,Peregrine_Falcon_Falco_peregrinus_153_0.jpg,Falco peregrinus,0.9737059473991394,86,86,439,551,
imagem,Peregrine_Falcon_Falco_peregrinus_15_0.jpg,Falco peregrinus,0.8099836111068726,81,87,551,329,
imagem,Peregrine_Falcon_Falco_peregrinus_178_0.jpg,Falco peregrinus,0.9714146852493286,68,71,286,420,
imagem,Peregrine_Falcon_Falco_peregrinus_212_0.jpg,Falco peregrinus,0.9815376996994019,53,48,270,317,
imagem,Peregrine_Falcon_Falco_peregrinus_243_0.jpg,Falco peregrinus,0.9130254983901978,85,91,552,308,
imagem,Peregrine_Falcon_Falco_peregrinus_270_0.jpg,Falco peregrinus,0.9574722647666931,90,91,542,544,
imagem,Peregrine_Falcon_Falco_peregrinus_271_0.jpg,Falco peregrinus,0.9681714177131653,93,78,310,552,
imagem,Peregrine_Falcon_Falco_peregrinus_280_0.jpg,Falco peregrinus,0.9789347052574158,91,92,382,550,
imagem,Peregrine_Falcon_Falco_peregrinus_313_0.jpg,Falco peregrinus,0.9835383892059326,45,47,180,274,
imagem,Peregrine_Falcon_Falco_peregrinus_316_0.jpg,Falco peregrinus,0.983342170715332,43,40,118,246,
imagem,Peregrine_Falcon_Falco_peregrinus_346_0.jpg,Falco peregrinus,0.9687612056732178,28,34,210,173,
imagem,Peregrine_Falcon_Falco_peregrinus_35_0.jpg,Falco peregrinus,0.9851373434066772,92,89,396,549,
imagem,Peregrine_Falcon_Falco_peregrinus_65_0.jpg,Falco peregrinus,0.9660735726356506,85,92,549,318,
imagem,Peregrine_Falcon_Falco_peregrinus_67_0.jpg,Falco peregrinus,0.9673178195953369,92,89,551,450,
imagem,Phacellodomus rufifrons_265_0.jpg,Phacellodomus rufifrons,0.981738269329071,95,92,330,548,
imagem,Phacellodomus rufifrons_469_0.jpg,Phacellodomus rufifrons,0.9567523002624512,39,78,366,318,
imagem,Phacellodomus rufifrons_469_0.jpg,Phacellodomus rufifrons,0.814612090587616,394,46,591,273,
imagem,Phacellodomus rufifrons_584_0.jpg,Phacellodomus rufifrons,0.9626407027244568,90,92,549,353,
imagem,Phacellodomus rufifrons_978_0.jpg,Piaya cayana,0.5776498317718506,78,83,505,463,
imagem,Phacellodomus_rufifrons_116_0.jpg,Phacellodomus rufifrons,0.9399329423904419,71,75,435,318,
imagem,Phacellodomus_rufifrons_154_0.jpg,Phacellodomus rufifrons,0.9573625922203064,308,45,578,254,
imagem,Phacellodomus_rufifrons_154_0.jpg,Phacellodomus rufifrons,0.9285813570022583,76,97,368,490,
imagem,Phacellodomus_rufifrons_170_0.jpg,Phacellodomus rufifrons,0.7485831379890442,92,79,443,546,
imagem,Phacellodomus_rufifrons_191_0.jpg,Phacellodomus rufifrons,0.8959019780158997,55,55,347,225,
imagem,Phacellodomus_rufifrons_205_0.jpg,Phacellodomus rufifrons,0.8881388306617737,89,93,554,434,
imagem,Phacellodomus_rufifrons_239_0.jpg,Phacellodomus rufifrons,0.9706324934959412,44,43,182,258,
imagem,Phacellodomus_rufifrons_299_0.jpg,Phacellodomus rufifrons,0.40102192759513855,90,85,300,561,
imagem,Phacellodomus_rufifrons_4_0.jpg,Phacellodomus rufifrons,0.7366426587104797,85,89,538,362,
imagem,Phacellodomus_rufifrons_51_0.jpg,Phacellodomus rufifrons,0.9834188222885132,94,83,446,550,
imagem,Phaethornis pretrei_232_0.jpg,Phaethornis pretrei,0.9773708581924438,77,72,404,458,
imagem,Phaethornis pretrei_270_0.jpg,Phaethornis pretrei,0.9381734132766724,28,27,125,177,
imagem,Phaethornis pretrei_270_0.jpg,Phaethornis pretrei,0.9335089921951294,146,128,232,305,
imagem,Phaethornis pretrei_307_0.jpg,Phaethornis pretrei,0.9836931824684143,93,89,471,547,
imagem,Phaethornis pretrei_414_0.jpg,Phaethornis pretrei,0.9300962686538696,89,86,526,469,
imagem,Phaethornis_pretrei_108_0.jpg,Phaethornis pretrei,0.9593774080276489,83,73,443,493,
imagem,Phaethornis_pretrei_123_0.jpg,Phaethornis pretrei,0.9799772500991821,63,65,396,225,
imagem,Phaethornis_pretrei_127_0.jpg,Phaethornis pretrei,0.9908038377761841,89,85,423,549,
imagem,Phaethornis_pretrei_129_0.jpg,Phaethornis pretrei,0.9310749173164368,75,94,552,399,
imagem,Phaethornis_pretrei_141_0.jpg,Phaethornis pretrei,0.9716356992721558,89,90,548,309,
imagem,Phaethornis_pretrei_147_0.jpg,Phaethornis pretrei,0.9852914810180664,90,93,548,489,
imagem,Phaethornis_pretrei_158_0.jpg,Phaethornis pretrei,0.985831618309021,92,88,549,492,
imagem,Phaethornis_pretrei_15_0.jpg,Phaethornis pretrei,0.9733014702796936,59,49,298,338,
imagem,Phaethornis_pretrei_161_0.jpg,Phaethornis pretrei,0.9861660003662109,94,84,414,554,
imagem,Phaethornis_pretrei_170_0.jpg,Phaethornis pretrei,0.9261831045150757,93,86,333,552,
imagem,Phaethornis_pretrei_208_0.jpg,Phaethornis pretrei,0.9833967089653015,88,92,550,509,
imagem,Phaethornis_pretrei_297_0.jpg,Phaethornis pretrei,0.9753687381744385,94,85,452,554,
imagem,Phaethornis_pretrei_363_0.jpg,Phaethornis pretrei,0.9321537017822266,81,83,514,441,
imagem,Phaethornis_pretrei_45_0.jpg,Phaethornis pretrei,0.9855367541313171,90,92,550,459,
imagem,Phaethornis_pretrei_64_0.jpg,Phaethornis pretrei,0.6013850569725037,89,87,488,548,
imagem,Phaethornis_pretrei_91_0.jpg,Phaethornis pretrei,0.9845044612884521,92,91,514,548,
imagem,Piaya cayana_554_0.jpg,Piaya cayana,0.9870308041572571,62,70,433,354,
imagem,Piaya cayana_99_0.jpg,Piaya cayana,0.9820704460144043,93,91,491,543,
imagem,Piaya_cayana_131_0.jpg,Piaya cayana,0.9883444309234619,91,87,306,552,
imagem,Piaya_cayana_145_0.jpg,Piaya cayana,0.4432539641857147,95,85,406,544,
imagem,Piaya_cayana_156_0.jpg,Piaya cayana,0.9693104028701782,93,85,298,543,
imagem,Piaya_cayana_162_0.jpg,Piaya cayana,0.9892181158065796,94,86,506,548,
imagem,Piaya_cayana_210_0.jpg,Piaya cayana,0.9833264946937561,90,90,548,364,
imagem,Piaya_cayana_260_0.jpg,Piaya cayana,0.9434087872505188,68,76,278,432,
imagem,Piaya_cayana_261_0.jpg,Piaya cayana,0.9869214296340942,90,88,411,546,
imagem,Piaya_cayana_311_0.jpg,Piaya cayana,0.9345645308494568,95,91,504,549,
imagem,Piaya_cayana_321_0.jpg,Piaya cayana,0.9906313419342041,93,93,368,547,
imagem,Piaya_cayana_347_0.jpg,Piaya cayana,0.9846051931381226,92,90,362,552,
imagem,Piaya_cayana_38_0.jpg,Piaya cayana,0.9841878414154053,91,92,550,533,
imagem,Piaya_cayana_45_0.jpg,Piaya cayana,0.9794064164161682,88,93,551,502,
imagem,Piaya_cayana_58_0.jpg,Piaya cayana,0.9362109899520874,92,88,217,536,
imagem,Piaya_cayana_75_0.jpg,Piaya cayana,0.9692294001579285,49,44,150,293,
imagem,Pied-billed Grebe Podilymbus podiceps_116_0.jpg,Podilymbus podiceps,0.971889853477478,86,91,552,515,
imagem,Pied-billed Grebe Podilymbus podiceps_214_0.jpg,Podilymbus podiceps,0.7780919075012207,90,89,549,393,
imagem,Pied-billed Grebe Podilymbus podiceps_32_0.jpg,Podilymbus podiceps,0.9774982929229736,86,91,546,301,
imagem,Pied-billed Grebe Podilymbus podiceps_514_0.jpg,Podilymbus podiceps,0.9836615920066833,73,75,455,216,
imagem,Pied-billed Grebe Podilymbus podiceps_78_0.jpg,Podilymbus podiceps,0.9725030660629272,86,89,525,284,
imagem,Pied-billed_Grebe_Podilymbus_podiceps_118_0.jpg,Podilymbus podiceps,0.9462662935256958,35,40,246,170,
imagem,Pied-billed_Grebe_Podilymbus_podiceps_149_0.jpg,Podilymbus podiceps,0.9651367664337158,85,87,547,334,
imagem,Pied-billed_Grebe_Podilymbus_podiceps_15_0.jpg,Podilymbus podiceps,0.9727722406387329,46,50,297,168,
imagem,Pied-billed_Grebe_Podilymbus_podiceps_171_0.jpg,Podilymbus podiceps,0.9814164638519287,91,93,549,303,
imagem,Pied-billed_Grebe_Podilymbus_podiceps_176_0.jpg,Podilymbus podiceps,0.9504992961883545,83,94,547,223,
imagem,Pied-billed_Grebe_Podilymbus_podiceps_207_1.jpg,Podilymbus podiceps,0.7582009434700012,37,42,270,184,
imagem,Pied-billed_Grebe_Podilymbus_podiceps_217_0.jpg,Podilymbus podiceps,0.6681092977523804,80,84,533,450,
imagem,Pied-billed_Grebe_Podilymbus_podiceps_247_0.jpg,Podilymbus podiceps,0.9574743509292603,32,35,210,164,
imagem,Pied-billed_Grebe_Podilymbus_podiceps_27_0.jpg,Podilymbus podiceps,0.982879102230072,333,71,590,205,
imagem,Pied-billed_Grebe_Podilymbus_podiceps_27_0.jpg,Podilymbus podiceps,0.9741755127906799,52,58,321,201,
imagem,Pied-billed_Grebe_Podilymbus_podiceps_28_0.jpg,Podilymbus podiceps,0.979999303817749,47,61,303,207,
imagem,Pied-billed_Grebe_Podilymbus_podiceps_28_0.jpg,Podilymbus podiceps,0.7444807291030884,333,44,594,199,
imagem,Pitangus sulphuratus_858_0.jpg,Pitangus sulphuratus,0.9829434156417847,64,63,397,362,
imagem,Pitangus_sulphuratus_110_0.jpg,Pitangus sulphuratus,0.9816796779632568,94,90,414,549,
imagem,Pitangus_sulphuratus_129_0.jpg,Euphonia chlorotica,0.9648916721343994,31,36,215,164,
imagem,Pitangus_sulphuratus_133_0.jpg,Pitangus sulphuratus,0.9858713746070862,87,90,550,430,
imagem,Pitangus_sulphuratus_154_0.jpg,Pitangus sulphuratus,0.9675875902175903,62,61,383,372,
imagem,Pitangus_sulphuratus_157_0.jpg,Pitangus sulphuratus,0.8656589984893799,88,90,550,375,
imagem,Pitangus_sulphuratus_161_0.jpg,Pitangus sulphuratus,0.9580584168434143,56,64,373,293,
imagem,Pitangus_sulphuratus_194_0.jpg,Pitangus sulphuratus,0.8826912045478821,85,93,360,547,
imagem,Pitangus_sulphuratus_20_0.jpg,Pitangus sulphuratus,0.985268235206604,73,78,453,374,
imagem,Pitangus_sulphuratus_286_0.jpg,Pitangus sulphuratus,0.9740660190582275,32,36,215,186,
imagem,Pitangus_sulphuratus_297_0.jpg,Pitangus sulphuratus,0.638192355632782,73,66,294,438,
imagem,Pitangus_sulphuratus_73_0.jpg,Pitangus sulphuratus,0.9737887978553772,83,95,551,508,
imagem,Pitangus_sulphuratus_77_0.jpg,Pitangus sulphuratus,0.5520357489585876,86,93,556,521,
imagem,Pitangus_sulphuratus_81_0.jpg,Pitangus sulphuratus,0.9770435690879822,67,70,422,372,
imagem,Pitangus_sulphuratus_93_0.jpg,Pitangus sulphuratus,0.9768742918968201,65,60,246,397,
imagem,Rupornis magnirostris_26_0.jpg,Rupornis magnirostris,0.9836294054985046,92,92,285,546,
imagem,Rupornis magnirostris_953_0.jpg,Rupornis magnirostris,0.9835466146469116,90,85,418,538,
imagem,Rupornis magnirostris_967_0.jpg,Rupornis magnirostris,0.9743889570236206,88,93,426,551,
imagem,Rupornis_magnirostris_111_0.jpg,Rupornis magnirostris,0.9805555939674377,92,89,281,542,
imagem,Rupornis_magnirostris_147_0.jpg,Rupornis magnirostris,0.9843463897705078,91,90,309,554,
imagem,Rupornis_magnirostris_18_0.jpg,Rupornis magnirostris,0.972301185131073,90,90,296,549,
imagem,Rupornis_magnirostris_210_0.jpg,Rupornis magnirostris,0.9726210832595825,93,96,312,557,
imagem,Rupornis_magnirostris_223_0.jpg,Rupornis magnirostris,0.9749693274497986,91,92,411,551,
imagem,Rupornis_magnirostris_228_0.jpg,Rupornis magnirostris,0.9548548460006714,92,85,279,550,
imagem,Rupornis_magnirostris_269_0.jpg,Rupornis magnirostris,0.9625868201255798,48,45,205,280,
imagem,Rupornis_magnirostris_26_0.jpg,Rupornis magnirostris,0.9501519203186035,62,61,308,375,
imagem,Rupornis_magnirostris_300_0.jpg,Rupornis magnirostris,0.9700496196746826,93,90,400,549,
imagem,Rupornis_magnirostris_55_0.jpg,Rupornis magnirostris,0.9894519448280334,90,88,351,548,
imagem,Rupornis_magnirostris_60_0.jpg,Rupornis magnirostris,0.9802639484405518,91,91,256,545,
imagem,Schistochlamys ruficapillus_220_0.jpg,Schistochlamys ruficapillus,0.9901204109191895,93,86,452,546,
imagem,Schistochlamys_ruficapillus_114_0.jpg,Schistochlamys ruficapillus,0.957005500793457,92,86,327,556,
imagem,Schistochlamys_ruficapillus_117_0.jpg,Schistochlamys ruficapillus,0.9850901365280151,79,76,254,471,
imagem,Schistochlamys_ruficapillus_150_0.jpg,Schistochlamys ruficapillus,0.9736974239349365,94,89,363,548,
imagem,Schistochlamys_ruficapillus_173_0.jpg,Schistochlamys ruficapillus,0.9769644737243652,93,88,385,544,
imagem,Schistochlamys_ruficapillus_177_0.jpg,Schistochlamys ruficapillus,0.9427713751792908,63,55,296,363,
imagem,Schistochlamys_ruficapillus_1_0.jpg,Schistochlamys ruficapillus,0.9641059637069702,92,90,551,508,
imagem,Schistochlamys_ruficapillus_223_0.jpg,Schistochlamys ruficapillus,0.9898012280464172,89,92,458,549,
imagem,Schistochlamys_ruficapillus_231_0.jpg,Schistochlamys ruficapillus,0.9942700862884521,88,89,549,460,
imagem,Schistochlamys_ruficapillus_234_0.jpg,Schistochlamys ruficapillus,0.9750698804855347,60,56,197,351,
imagem,Schistochlamys_ruficapillus_250_0.jpg,Schistochlamys ruficapillus,0.9864299297332764,93,89,288,552,
imagem,Schistochlamys_ruficapillus_268_0.jpg,Schistochlamys ruficapillus,0.9486564993858337,92,94,544,549,
imagem,Schistochlamys_ruficapillus_277_0.jpg,Cyclarhis gujanensis,0.9587398171424866,93,91,351,546,
imagem,Schistochlamys_ruficapillus_41_0.jpg,Schistochlamys ruficapillus,0.9913881421089172,62,66,385,260,
imagem,Schistochlamys_ruficapillus_50_0.jpg,Schistochlamys ruficapillus,0.9925088286399841,92,91,549,351,
imagem,Schistochlamys_ruficapillus_56_0.jpg,Schistochlamys ruficapillus,0.9398482441902161,84,96,223,549,
imagem,Schistochlamys_ruficapillus_77_0.jpg,Schistochlamys ruficapillus,0.9909499287605286,92,90,304,548,
imagem,Sirystes Sirystes sibilator_128_0.jpg,Sirystes sibilator,0.9602375030517578,90,88,283,546,
imagem,Sirystes Sirystes sibilator_214_0.jpg,Sirystes sibilator,0.8295831680297852,92,89,251,551,
imagem,Sirystes Sirystes sibilator_547_0.jpg,Sirystes sibilator,0.8577904105186462,29,32,194,117,
imagem,Sirystes Sirystes sibilator_729_0.jpg,Sirystes sibilator,0.9842685461044312,91,89,467,550,
imagem,Sirystes_Sirystes_sibilator_123_0.jpg,Sirystes sibilator,0.9656673073768616,93,82,431,536,
imagem,Sirystes_Sirystes_sibilator_137_0.jpg,Sirystes sibilator,0.9870095252990723,51,50,254,304,
imagem,Sirystes_Sirystes_sibilator_183_0.jpg,Sirystes sibilator,0.9816864728927612,90,87,446,544,
imagem,Sirystes_Sirystes_sibilator_243_0.jpg,Sirystes sibilator,0.9616758227348328,93,89,232,549,
imagem,Sirystes_Sirystes_sibilator_264_0.jpg,Sirystes sibilator,0.9752461314201355,93,88,263,543,
imagem,Sirystes_Sirystes_sibilator_44_0.jpg,Sirystes sibilator,0.9701282978057861,94,90,346,548,
imagem,Sirystes_Sirystes_sibilator_58_0.jpg,Sirystes sibilator,0.4987160861492157,89,96,552,541,
imagem,Sirystes_Sirystes_sibilator_59_0.jpg,Sirystes sibilator,0.9877749681472778,93,89,299,547,
imagem,Sirystes_Sirystes_sibilator_72_0.jpg,Sirystes sibilator,0.9903023838996887,87,93,547,527,
imagem,Sirystes_Sirystes_sibilator_75_0.jpg,Sirystes sibilator,0.929112434387207,91,88,399,551,
imagem,Sirystes_Sirystes_sibilator_76_0.jpg,Sirystes sibilator,0.9753887057304382,86,90,419,555,
imagem,Snowy Egret Egretta thula_395_0.jpg,Egretta thula,0.8395541906356812,89,90,315,548,
imagem,Snowy Egret Egretta thula_549_0.jpg,Egretta thula,0.9806554317474365,47,48,292,238,
imagem,Snowy_Egret_Egretta_thula_142_0.jpg,Egretta thula,0.9526153802871704,86,92,555,318,
imagem,Snowy_Egret_Egretta_thula_153_1.jpg,Egretta thula,0.9844006896018982,42,45,271,258,
imagem,Snowy_Egret_Egretta_thula_154_0.jpg,Egretta thula,0.9746555685997009,68,79,461,319,
imagem,Snowy_Egret_Egretta_thula_201_0.jpg,Egretta thula,0.9841763973236084,89,91,549,440,
imagem,Snowy_Egret_Egretta_thula_207_0.jpg,Egretta thula,0.968723714351654,88,92,550,216,
imagem,Snowy_Egret_Egretta_thula_218_0.jpg,Egretta thula,0.9910846948623657,91,90,477,547,
imagem,Snowy_Egret_Egretta_thula_21_0.jpg,Egretta thula,0.9846195578575134,85,91,548,392,
imagem,Snowy_Egret_Egretta_thula_226_0.jpg,Egretta thula,0.9899051785469055,92,91,552,531,
imagem,Snowy_Egret_Egretta_thula_239_0.jpg,Egretta thula,0.9873700141906738,88,95,549,418,
imagem,Snowy_Egret_Egretta_thula_282_0.jpg,Egretta thula,0.46124762296676636,69,69,417,384,
imagem,Snowy_Egret_Egretta_thula_289_1.jpg,Egretta thula,0.9800251722335815,79,80,476,331,
imagem,Snowy_Egret_Egretta_thula_290_1.jpg,Egretta thula,0.9839075803756714,77,82,486,331,
imagem,Snowy_Egret_Egretta_thula_303_0.jpg,Egretta thula,0.9781264662742615,90,91,545,496,
imagem,Snowy_Egret_Egretta_thula_315_0.jpg,Egretta thula,0.9804874062538147,91,87,399,555,
imagem,Snowy_Egret_Egretta_thula_328_0.jpg,Egretta thula,0.9834868907928467,88,91,552,408,
imagem,Snowy_Egret_Egretta_thula_57_0.jpg,Egretta thula,0.9804863929748535,87,90,549,462,
imagem,Snowy_Egret_Egretta_thula_5_0.jpg,Egretta thula,0.959203839302063,92,88,296,553,
imagem,Snowy_Egret_Egretta_thula_73_0.jpg,Egretta thula,0.9134831428527832,87,87,533,456,
imagem,Solitary Sandpiper Tringa solitaria_298_0.jpg,Tringa solitaria,0.9615186452865601,75,68,439,310,
imagem,Solitary Sandpiper Tringa solitaria_298_0.jpg,Tringa solitaria,0.8950255513191223,74,356,437,566,
imagem,Solitary Sandpiper Tringa solitaria_30_0.jpg,Tringa solitaria,0.9874795079231262,87,91,545,399,
imagem,Solitary Sandpiper Tringa solitaria_639_0.jpg,Tringa solitaria,0.95756596326828,86,87,524,370,
imagem,Solitary Sandpiper Tringa solitaria_847_0.jpg,Tringa solitaria,0.9586840271949768,88,89,536,396,
imagem,Solitary Sandpiper Tringa solitaria_962_0.jpg,Tringa solitaria,0.9775121808052063,26,29,169,148,
imagem,Solitary_Sandpiper_Tringa_solitaria_101_0.jpg,Tringa solitaria,0.978104293346405,89,93,554,345,
imagem,Solitary_Sandpiper_Tringa_solitaria_125_0.jpg,Tringa solitaria,0.9776540398597717,89,92,550,364,
imagem,Solitary_Sandpiper_Tringa_solitaria_170_0.jpg,Tringa solitaria,0.9594353437423706,64,67,435,338,
imagem,Solitary_Sandpiper_Tringa_solitaria_20_0.jpg,Tringa solitaria,0.9619694352149963,98,92,553,442,
imagem,Solitary_Sandpiper_Tringa_solitaria_22_0.jpg,Tringa solitaria,0.9857040047645569,91,91,548,337,
imagem,Solitary_Sandpiper_Tringa_solitaria_230_0.jpg,Tringa solitaria,0.9469493627548218,87,82,528,553,
imagem,Solitary_Sandpiper_Tringa_solitaria_23_0.jpg,Tringa solitaria,0.9627912044525146,87,92,555,510,
imagem,Solitary_Sandpiper_Tringa_solitaria_243_0.jpg,Tringa solitaria,0.9800090789794922,84,93,555,353,
imagem,Solitary_Sandpiper_Tringa_solitaria_248_0.jpg,Tringa solitaria,0.9801872372627258,87,87,427,546,
imagem,Solitary_Sandpiper_Tringa_solitaria_314_0.jpg,Tringa solitaria,0.9645172357559204,88,89,538,358,
imagem,Solitary_Sandpiper_Tringa_solitaria_33_0.jpg,Tringa solitaria,0.9668235778808594,94,93,549,368,
imagem,Solitary_Sandpiper_Tringa_solitaria_59_0.jpg,Tringa solitaria,0.979824960231781,87,92,549,492,
imagem,Solitary_Sandpiper_Tringa_solitaria_93_0.jpg,Tringa solitaria,0.985413670539856,68,73,282,422,
imagem,Solitary_Sandpiper_Tringa_solitaria_95_0.jpg,Tringa solitaria,0.8466503024101257,91,91,553,383,
imagem,Suiriri Flycatcher Suiriri suiriri_814_0.jpg,Suiriri suiriri,0.9889845848083496,94,89,494,545,
imagem,Suiriri_Flycatcher_Suiriri_suiriri_100_0.jpg,Suiriri suiriri,0.9609504342079163,48,58,332,316,
imagem,Suiriri_Flycatcher_Suiriri_suiriri_104_0.jpg,Suiriri suiriri,0.4951735734939575,91,83,419,534,
imagem,Suiriri_Flycatcher_Suiriri_suiriri_159_0.jpg,Suiriri suiriri,0.9680100679397583,91,93,452,551,
imagem,Suiriri_Flycatcher_Suiriri_suiriri_188_0.jpg,Suiriri suiriri,0.9793736934661865,89,89,555,388,
imagem,Suiriri_Flycatcher_Suiriri_suiriri_195_0.jpg,Suiriri suiriri,0.9827526807785034,93,90,308,543,
imagem,Suiriri_Flycatcher_Suiriri_suiriri_197_0.jpg,Suiriri suiriri,0.7707867622375488,85,89,554,475,
imagem,Suiriri_Flycatcher_Suiriri_suiriri_240_0.jpg,Suiriri suiriri,0.9777293801307678,89,93,549,421,
imagem,Suiriri_Flycatcher_Suiriri_suiriri_247_0.jpg,Suiriri suiriri,0.8791207671165466,93,86,452,546,
imagem,Suiriri_Flycatcher_Suiriri_suiriri_260_0.jpg,Suiriri suiriri,0.9902186989784241,88,90,550,396,
imagem,Suiriri_Flycatcher_Suiriri_suiriri_319_0.jpg,Suiriri suiriri,0.881882905960083,83,82,386,525,
imagem,Suiriri_Flycatcher_Suiriri_suiriri_322_0.jpg,Suiriri suiriri,0.9817026853561401,91,86,351,528,
imagem,Suiriri_Flycatcher_Suiriri_suiriri_43_0.jpg,Suiriri suiriri,0.9846023321151733,87,92,552,443,
imagem,Suiriri_Flycatcher_Suiriri_suiriri_49_0.jpg,Suiriri suiriri,0.9782057404518127,81,79,333,481,
imagem,Suiriri_Flycatcher_Suiriri_suiriri_54_0.jpg,Suiriri suiriri,0.9673240184783936,77,84,499,440,
imagem,Suiriri_Flycatcher_Suiriri_suiriri_63_0.jpg,Suiriri suiriri,0.9737304449081421,87,91,547,314,
imagem,Suiriri_Flycatcher_Suiriri_suiriri_72_0.jpg,Suiriri suiriri,0.976367175579071,91,90,369,545,
imagem,Suiriri_Flycatcher_Suiriri_suiriri_77_0.jpg,Suiriri suiriri,0.6387076377868652,68,74,443,422,
imagem,Synallaxis frontalis_404_0.jpg,Synallaxis frontalis,0.9756661653518677,38,44,233,214,
imagem,Synallaxis frontalis_622_0.jpg,Synallaxis frontalis,0.9767459630966187,86,91,550,498,
imagem,Synallaxis frontalis_850_0.jpg,Synallaxis frontalis,0.9908396601676941,93,92,338,550,
imagem,Synallaxis_frontalis_111_0.jpg,Synallaxis frontalis,0.942563533782959,92,83,433,554,
imagem,Synallaxis_frontalis_114_0.jpg,Synallaxis frontalis,0.9738010168075562,90,88,478,545,
imagem,Synallaxis_frontalis_167_0.jpg,Synallaxis frontalis,0.9656508564949036,92,91,540,553,
imagem,Synallaxis_frontalis_207_0.jpg,Synallaxis frontalis,0.8647127747535706,85,96,548,428,
imagem,Synallaxis_frontalis_236_0.jpg,Synallaxis frontalis,0.8453428745269775,59,70,401,302,
imagem,Synallaxis_frontalis_239_0.jpg,Synallaxis frontalis,0.9877581000328064,89,91,548,507,
imagem,Synallaxis_frontalis_244_0.jpg,Synallaxis frontalis,0.9731684327125549,93,88,381,550,
imagem,Synallaxis_frontalis_246_0.jpg,Synallaxis frontalis,0.968831479549408,92,89,447,552,
imagem,Synallaxis_frontalis_248_0.jpg,Synallaxis frontalis,0.4230205714702606,59,53,259,341,
imagem,Synallaxis_frontalis_76_0.jpg,Synallaxis frontalis,0.980688214302063,88,92,557,495,
imagem,Synallaxis_frontalis_88_0.jpg,Synallaxis frontalis,0.9360864758491516,90,89,349,593,
imagem,Synallaxis_frontalis_89_0.jpg,Synallaxis frontalis,0.9838325381278992,94,93,547,523,
imagem,Tachyphonus rufus_342_0.jpg,Gnorimopsar chopi,0.9279676079750061,89,87,365,524,
imagem,Tachyphonus rufus_513_0.jpg,Tachyphonus rufus,0.990282416343689,87,89,549,319,
imagem,Tachyphonus rufus_661_0.jpg,Tachyphonus rufus,0.9456308484077454,88,90,551,470,
imagem,Tachyphonus rufus_866_0.jpg,Tachyphonus rufus,0.9926436543464661,91,91,465,550,
imagem,Tachyphonus_rufus_116_0.jpg,Tachyphonus rufus,0.9897089600563049,92,90,347,541,
imagem,Tachyphonus_rufus_126_0.jpg,Tachyphonus rufus,0.9868857860565186,87,92,550,316,
imagem,Tachyphonus_rufus_129_0.jpg,Tachyphonus rufus,0.9937897324562073,92,88,315,550,
imagem,Tachyphonus_rufus_152_0.jpg,Tachyphonus rufus,0.9760309457778931,91,94,540,310,
imagem,Tachyphonus_rufus_206_0.jpg,Tachyphonus rufus,0.7943594455718994,94,88,478,552,
imagem,Tachyphonus_rufus_226_0.jpg,Tachyphonus rufus,0.987478494644165,93,101,316,548,
imagem,Tachyphonus_rufus_232_0.jpg,Tachyphonus rufus,0.9585383534431458,95,88,399,554,
imagem,Tachyphonus_rufus_249_0.jpg,Tachyphonus rufus,0.8886365294456482,87,91,545,299,
imagem,Tachyphonus_rufus_259_0.jpg,Tachyphonus rufus,0.9935531616210938,90,88,462,548,
imagem,Tachyphonus_rufus_261_0.jpg,Tachyphonus rufus,0.9932268261909485,91,85,446,548,
imagem,Tachyphonus_rufus_266_0.jpg,Tachyphonus rufus,0.9878429174423218,92,90,551,353,
imagem,Tachyphonus_rufus_92_0.jpg,Tachyphonus rufus,0.7748966217041016,89,89,545,505,
imagem,Tangara cayana_238_0.jpg,Tangara cayana,0.9888672232627869,72,72,302,431,
imagem,Tangara cayana_468_0.jpg,Tangara cayana,0.9545989632606506,54,56,334,212,
imagem,Tangara cayana_552_0.jpg,Tangara cayana,0.9526330232620239,81,91,295,547,
imagem,Tangara cayana_750_0.jpg,Tangara cayana,0.9572253227233887,40,41,249,156,
imagem,Tangara cayana_841_0.jpg,Dacnis cayana,0.9452000856399536,44,45,278,218,
imagem,Tangara cayana_975_0.jpg,Tangara cayana,0.9882813096046448,91,92,549,423,
imagem,Tangara_cayana_100_0.jpg,Tangara cayana,0.9812248349189758,89,91,551,495,
imagem,Tangara_cayana_109_0.jpg,Tangara cayana,0.9568145871162415,47,53,309,186,
imagem,Tangara_cayana_145_0.jpg,Tangara cayana,0.979512631893158,85,91,351,554,
imagem,Tangara_cayana_161_0.jpg,Tangara cayana,0.9899635910987854,94,88,325,547,
imagem,Tangara_cayana_236_0.jpg,Tangara cayana,0.6455599665641785,93,94,559,430,
imagem,Tangara_cayana_282_0.jpg,Tangara cayana,0.9668300151824951,80,84,486,343,
imagem,Tangara_cayana_327_0.jpg,Tangara cayana,0.6789197325706482,86,78,482,382,
imagem,Tangara_cayana_34_0.jpg,Tangara cayana,0.9707071781158447,85,95,551,532,
imagem,Tangara_cayana_45_0.jpg,Tangara cayana,0.9737026691436768,62,77,447,311,
imagem,Tangara_cayana_79_0.jpg,Tangara cayana,0.9866337776184082,94,88,317,553,
imagem,Thraupis sayaca_345_0.jpg,Thraupis sayaca,0.9844108819961548,71,72,416,433,
imagem,Thraupis_sayaca_103_0.jpg,Thraupis sayaca,0.743489682674408,93,85,318,546,
imagem,Thraupis_sayaca_166_0.jpg,Thraupis sayaca,0.9812119007110596,80,91,547,269,
imagem,Thraupis_sayaca_177_0.jpg,Thraupis sayaca,0.9833365082740784,41,43,261,157,
imagem,Thraupis_sayaca_201_0.jpg,Thraupis sayaca,0.9890586733818054,93,91,281,545,
imagem,Thraupis_sayaca_224_0.jpg,Thraupis sayaca,0.983949601650238,89,91,552,468,
imagem,Thraupis_sayaca_226_0.jpg,Thraupis sayaca,0.9763100147247314,88,86,479,545,
imagem,Thraupis_sayaca_247_0.jpg,Thraupis sayaca,0.9917294383049011,89,91,551,413,
imagem,Thraupis_sayaca_262_0.jpg,Thraupis sayaca,0.9876937866210938,89,93,547,521,
imagem,Thraupis_sayaca_270_0.jpg,Thraupis sayaca,0.9717364311218262,48,41,178,286,
imagem,Thraupis_sayaca_273_0.jpg,Thraupis sayaca,0.9921796321868896,44,51,307,279,
imagem,Thraupis_sayaca_293_0.jpg,Thraupis sayaca,0.9723597764968872,78,75,421,494,
imagem,Thraupis_sayaca_312_0.jpg,Thraupis sayaca,0.9640523195266724,88,87,549,311,
imagem,Thraupis_sayaca_76_0.jpg,Thraupis sayaca,0.9388569593429565,91,87,379,546,
imagem,Thraupis_sayaca_86_0.jpg,Thraupis sayaca,0.9754103422164917,39,46,266,151,
imagem,Thraupis_sayaca_92_0.jpg,Thraupis sayaca,0.827233612537384,92,92,551,488,
imagem,Thraupis_sayaca_99_0.jpg,Thraupis sayaca,0.975338339805603,69,71,428,286,
imagem,Troglodytes musculus_243_0.jpg,Troglodytes musculus,0.9650470614433289,86,89,553,462,
imagem,Troglodytes musculus_302_0.jpg,Troglodytes musculus,0.9841455817222595,71,68,328,427,
imagem,Troglodytes musculus_731_0.jpg,Troglodytes musculus,0.9108982086181641,42,36,213,252,
imagem,Troglodytes musculus_993_0.jpg,Troglodytes musculus,0.9435253143310547,54,59,358,351,
imagem,Troglodytes musculus_9_0.jpg,Troglodytes musculus,0.9760777354240417,90,91,553,336,
imagem,Troglodytes_musculus_111_0.jpg,Troglodytes musculus,0.9742773771286011,90,89,364,534,
imagem,Troglodytes_musculus_160_0.jpg,Troglodytes musculus,0.9612941145896912,92,89,534,551,
imagem,Troglodytes_musculus_171_0.jpg,Troglodytes musculus,0.9741129875183105,96,88,533,549,
imagem,Troglodytes_musculus_219_0.jpg,Troglodytes musculus,0.9673112034797668,82,92,556,510,
imagem,Troglodytes_musculus_252_0.jpg,Troglodytes musculus,0.9666906595230103,95,89,446,557,
imagem,Troglodytes_musculus_298_0.jpg,Troglodytes musculus,0.9774043560028076,92,90,555,438,
imagem,Troglodytes_musculus_41_0.jpg,Troglodytes musculus,0.4108363687992096,94,90,451,557,
imagem,Turdus leucomelas_425_0.jpg,Turdus leucomelas,0.986834704875946,91,91,552,448,
imagem,Turdus leucomelas_973_0.jpg,Turdus rufiventris,0.9545360803604126,54,57,341,248,
imagem,Turdus rufiventris_11_0.jpg,Turdus rufiventris,0.5074976682662964,45,49,300,255,
imagem,Turdus rufiventris_385_0.jpg,Turdus rufiventris,0.9915558099746704,54,53,236,320,
imagem,Turdus rufiventris_802_0.jpg,Turdus rufiventris,0.9746519327163696,87,92,544,413,
imagem,Turdus_leucomelas_110_0.jpg,Turdus leucomelas,0.9731624722480774,89,92,546,389,
imagem,Turdus_leucomelas_113_0.jpg,Turdus leucomelas,0.9471057057380676,53,58,357,308,
imagem,Turdus_leucomelas_143_0.jpg,Turdus leucomelas,0.9898920059204102,91,92,551,362,
imagem,Turdus_leucomelas_179_0.jpg,Turdus leucomelas,0.9788848161697388,94,91,549,393,
imagem,Turdus_leucomelas_181_0.jpg,Turdus leucomelas,0.9908779263496399,86,92,544,379,
imagem,Turdus_leucomelas_185_0.jpg,Turdus leucomelas,0.9833093285560608,88,93,548,370,
imagem,Turdus_leucomelas_19_0.jpg,Turdus leucomelas,0.9763661623001099,51,59,347,329,
imagem,Turdus_leucomelas_271_0.jpg,Turdus leucomelas,0.6595430374145508,89,93,552,338,
imagem,Turdus_leucomelas_294_0.jpg,Turdus leucomelas,0.9352834820747375,88,96,551,470,
imagem,Turdus_leucomelas_54_0.jpg,Turdus leucomelas,0.9789997339248657,92,91,462,538,
imagem,Turdus_leucomelas_71_0.jpg,Turdus leucomelas,0.8617943525314331,81,80,472,453,
imagem,Turdus_leucomelas_79_0.jpg,Turdus leucomelas,0.9908053874969482,91,87,345,550,
imagem,Turdus_rufiventris_165_0.jpg,Turdus rufiventris,0.968299388885498,93,94,510,547,
imagem,Turdus_rufiventris_196_0.jpg,Turdus rufiventris,0.9862346053123474,81,93,554,391,
imagem,Turdus_rufiventris_224_0.jpg,Turdus rufiventris,0.9781597256660461,56,58,351,339,
imagem,Turdus_rufiventris_236_0.jpg,Turdus rufiventris,0.9830196499824524,91,92,550,436,
imagem,Turdus_rufiventris_245_0.jpg,Turdus rufiventris,0.9689818024635315,92,87,314,549,
imagem,Turdus_rufiventris_336_0.jpg,Turdus rufiventris,0.9887095093727112,75,77,377,453,
imagem,Turdus_rufiventris_55_0.jpg,Turdus rufiventris,0.9710635542869568,90,91,555,338,
imagem,Turdus_rufiventris_61_0.jpg,Turdus rufiventris,0.9717231392860413,104,91,555,391,
imagem,Turdus_rufiventris_89_0.jpg,Turdus rufiventris,0.9738268852233887,86,88,518,436,
imagem,Turdus_rufiventris_93_0.jpg,Turdus rufiventris,0.8062485456466675,19,24,142,119,
imagem,Tyrannus melancholicus_169_0.jpg,Tyrannus melancholicus,0.8992136120796204,87,92,554,524,
imagem,Tyrannus melancholicus_25_0.jpg,Tyrannus melancholicus,0.8715759515762329,31,36,213,157,
imagem,Tyrannus melancholicus_790_0.jpg,Tyrannus melancholicus,0.9873368144035339,91,91,498,554,
imagem,Tyrannus melancholicus_923_0.jpg,Tyrannus melancholicus,0.9402709007263184,42,32,212,237,
imagem,Tyrannus_melancholicus_13_0.jpg,Tyrannus melancholicus,0.7823363542556763,44,41,221,270,
imagem,Tyrannus_melancholicus_157_0.jpg,Tyrannus melancholicus,0.9750555753707886,24,26,156,149,
imagem,Tyrannus_melancholicus_159_0.jpg,Tyrannus melancholicus,0.9765639305114746,61,60,311,367,
imagem,Tyrannus_melancholicus_193_0.jpg,Tyrannus melancholicus,0.9698734283447266,82,72,207,482,
imagem,Tyrannus_melancholicus_217_0.jpg,Tyrannus melancholicus,0.980238676071167,89,91,552,470,
imagem,Tyrannus_melancholicus_221_0.jpg,Tyrannus melancholicus,0.98855060338974,88,92,555,382,
imagem,Tyrannus_melancholicus_224_0.jpg,Tyrannus melancholicus,0.8557668924331665,45,44,236,260,
imagem,Tyrannus_melancholicus_246_0.jpg,Tyrannus melancholicus,0.9888638257980347,93,91,490,550,
imagem,Tyrannus_melancholicus_44_0.jpg,Tyrannus melancholicus,0.982453465461731,86,91,553,446,
imagem,Tyrannus_melancholicus_75_0.jpg,Tyrannus melancholicus,0.9510466456413269,95,93,281,551,
imagem,Wattled Jacana Jacana jacana_246_0.jpg,Jacana jacana,0.9794552326202393,76,79,381,455,
imagem,Wattled Jacana Jacana jacana_590_0.jpg,Jacana jacana,0.9708194136619568,29,31,179,194,
imagem,Wattled Jacana Jacana jacana_590_0.jpg,Jacana jacana,0.9220149517059326,181,73,290,177,
imagem,Wattled Jacana Jacana jacana_613_0.jpg,Jacana jacana,0.9648635983467102,63,59,347,375,
imagem,Wattled Jacana Jacana jacana_746_0.jpg,Jacana jacana,0.9858260750770569,93,87,305,546,
imagem,Wattled Jacana Jacana jacana_793_0.jpg,Jacana jacana,0.9897900223731995,92,88,299,552,
imagem,Wattled_Jacana_Jacana_jacana_100_0.jpg,Jacana jacana,0.952526867389679,46,46,202,284,
imagem,Wattled_Jacana_Jacana_jacana_114_0.jpg,Jacana jacana,0.9458906054496765,26,27,175,130,
imagem,Wattled_Jacana_Jacana_jacana_132_1.jpg,Jacana jacana,0.9808955788612366,75,67,363,443,
imagem,Wattled_Jacana_Jacana_jacana_184_0.jpg,Jacana jacana,0.983316957950592,93,85,447,559,
imagem,Wattled_Jacana_Jacana_jacana_18_0.jpg,Jacana jacana,0.9802865386009216,57,68,396,352,
imagem,Wattled_Jacana_Jacana_jacana_22_0.jpg,Jacana jacana,0.981916069984436,48,50,295,171,
imagem,Wattled_Jacana_Jacana_jacana_245_0.jpg,Jacana jacana,0.9869470596313477,68,73,424,321,
imagem,Wattled_Jacana_Jacana_jacana_24_0.jpg,Jacana jacana,0.9583247900009155,70,75,438,448,
imagem,Wattled_Jacana_Jacana_jacana_40_0.jpg,Jacana jacana,0.9854881167411804,91,88,364,547,
imagem,Zonotrichia capensis_669_0.jpg,Zonotrichia capensis,0.9616538882255554,33,33,216,186,
imagem,Zonotrichia capensis_863_0.jpg,Zonotrichia capensis,0.9879499673843384,93,91,342,560,
imagem,Zonotrichia_capensis_123_0.jpg,Zonotrichia capensis,0.9845933318138123,86,92,552,507,
imagem,Zonotrichia_capensis_137_0.jpg,Zonotrichia capensis,0.9657872915267944,61,57,289,354,
imagem,Zonotrichia_capensis_16_0.jpg,Zonotrichia capensis,0.9394447207450867,33,30,164,197,
imagem,Zonotrichia_capensis_17_0.jpg,Zonotrichia capensis,0.9536989331245422,89,93,487,532,
imagem,Zonotrichia_capensis_185_0.jpg,Zonotrichia capensis,0.9209162592887878,94,95,555,328,
imagem,Zonotrichia_capensis_199_0.jpg,Zonotrichia capensis,0.9769287705421448,67,65,338,392,
imagem,Zonotrichia_capensis_205_0.jpg,Zonotrichia capensis,0.9846595525741577,80,72,274,468,
imagem,Zonotrichia_capensis_215_0.jpg,Zonotrichia capensis,0.9615370631217957,70,70,415,369,
imagem,Zonotrichia_capensis_231_0.jpg,Zonotrichia capensis,0.9446099996566772,93,87,485,544,
imagem,Zonotrichia_capensis_235_1.jpg,Passer domesticus,0.41666823625564575,58,55,141,367,
imagem,Zonotrichia_capensis_244_0.jpg,Zonotrichia capensis,0.9897550940513611,92,90,489,548,
imagem,Zonotrichia_capensis_29_0.jpg,Zonotrichia capensis,0.7308597564697266,90,89,553,383,
imagem,Zonotrichia_capensis_71_0.jpg,Zonotrichia capensis,0.9681006669998169,92,88,425,553,